{
"spider":"https://raw-gh.gcdn.mirr.one/liu673cn/box/main/jar/spider2207.jar;md5;727C472F6F06E2958FF50FBD0C2AAE21",
"sites": [
{"key":"csp_77"            ,"name":"🐞酷云七七","type":3,"api":"csp_Kunyu77","searchable":1,"quickSearch":1,"filterable":1},
{"key":"csp_Kuaikan"       ,"name":"🐞快看影视","type":3,"api":"csp_Kuaikan","searchable":1,"quickSearch":1,"filterable":1},
{"key":"csp_ikan"          ,"name":"🐞爱看影视","type":3,"api":"csp_IKan","searchable":1,"quickSearch":1,"filterable":1},
{"key":"csp_LiteApple"     ,"name":"🐞小苹果","type":3,"api":"csp_LiteApple","searchable":1,"quickSearch":1,"filterable":1},
{"key":"csp_Kmys"          ,"name":"🐞酷猫影视","type":3,"api":"csp_Kmys","searchable":1,"quickSearch":1,"filterable":1},
{"key":"csp_Bttoo"         ,"name":"🐞两个BT","type": 3,"api": "csp_Bttoo","searchable": 1,"quickSearch": 1,"filterable": 1},
{"key":"csp_CZSPP"         ,"name":"🐞厂长资源","type":3,"api":"csp_CZSPP","searchable":1,"quickSearch":1,"filterable":0},
{"key":"csp_Cokemv"        ,"name":"🐞Cokemv","type":3,"api":"csp_Cokemv","searchable":1,"quickSearch":1,"filterable":1},
{"key":"360_spider"        ,"name":"🐞360影视","api":"csp_SP360","type":3,"filterable":1,"quickSearch":1,"searchable":1},
{"key":"csp_Auete"         ,"name":"🐞Auete","type": 3,"api":"csp_Auete","searchable":1,"quickSearch":1,"filterable":1},
{"key":"csp_Buka"          ,"name":"🐞真不卡📵","type":3,"api":"csp_Buka","searchable":1,"quickSearch":1,"filterable":1},
{"key":"csp_DiDuan"        ,"name":"🐞低端影视📵","type":3,"api":"csp_DiDuan","searchable":1,"quickSearch":1,"filterable":0},
{"key":"csp_DY1990"        ,"name":"🐞九零影视📵","type":3,"api":"csp_DY1990","searchable":1,"quickSearch":1,"filterable":0},
{"key":"csp_Zxzj"          ,"name":"🐞在线之家📵","type":3,"api":"csp_Zxzj","searchable":1,"quickSearch":1,"filterable":1},
{"key":"csp_xpath_libv"        ,"name":"🦋Libvio(XPF)","type":3,"api":"csp_XPathMacFilter","searchable":1,"quickSearch":1,"filterable":1,"ext":"https://raw-gh.gcdn.mirr.one/liu673cn/box/main/sub/xpath/libv.json"},
{"key":"csp_xpath_zxzj2"       ,"name":"🦋在线之家(XPF)","type":3,"api":"csp_XPathFilter","searchable":1,"quickSearch":1,"filterable":1,"ext":"https://raw-gh.gcdn.mirr.one/liu673cn/box/main/sub/xpath/zxzj2.json"},
{"key":"csp_xpath_lezhutv"     ,"name":"🦋乐猪TV(XP)","type":3,"api":"csp_XPathMac","searchable":1,"quickSearch":1,"filterable":0,"ext":"https://raw-gh.gcdn.mirr.one/liu673cn/box/main/sub/xpath/lezhutv.json"},
{"key":"csp_xpath_ddg"         ,"name":"🦋达达龟(XPF)","type":3,"api":"csp_XPathMacFilter","searchable":1,"quickSearch":1,"filterable":1,"ext":"https://raw-gh.gcdn.mirr.one/liu673cn/box/main/sub/xpath/dadagui.json"},
{"key":"csp_xpath_jbb"         ,"name":"🦋剧白白(XPF)","type":3,"api":"csp_XPathMacFilter","searchable":1,"quickSearch":1,"filterable":1,"ext":"https://raw-gh.gcdn.mirr.one/liu673cn/box/main/sub/xpath/jubaibai.json"},
{"key":"csp_xpath_jLgyy"       ,"name":"🦋蓝光影院(XPF)","type":3,"api":"csp_XPathFilter","searchable":1,"quickSearch":1,"filterable":1,"ext":"https://raw-gh.gcdn.mirr.one/liu673cn/box/main/sub/xpath/lgyy.json"},
{"key":"csp_xpath_xiaoxiong"   ,"name":"🦋小熊影视(XPF)","type":3,"api":"csp_XPathFilter","searchable":1,"quickSearch":1,"filterable":1,"ext":"https://raw-gh.gcdn.mirr.one/liu673cn/box/main/sub/xpath/xiaoxiong.json"},
{"key":"csp_xpath_doujiao"     ,"name":"🦋豆角影视(XP)","type": 3,"api": "csp_XPath","searchable": 1,"quickSearch": 1,"filterable": 1,"ext": "https://raw-gh.gcdn.mirr.one/liu673cn/box/main/sub/xpath/doujiao.json"},
{"key":"csp_xpath_99ys"        ,"name":"🦋久久影视(XP)","type": 3,"api": "csp_XPath","searchable": 1,"quickSearch": 1,"filterable": 0,"ext": "https://raw-gh.gcdn.mirr.one/liu673cn/box/main/sub/xpath/99ys.json"},
{"key":"csp_xpath_saohuo"      ,"name":"🦋骚火电影(XP)","type":3,"api":"csp_XPath","searchable":1,"quickSearch":1,"filterable":0,"ext":"https://raw-gh.gcdn.mirr.one/liu673cn/box/main/sub/xpath/saohuotv.json"},
{"key":"csp_xpath_nmys"        ,"name":"🦋农民影视(XPF)","type": 3,"api":"csp_XPathFilter","searchable":1,"quickSearch":1,"filterable":1,"ext":"https://raw-gh.gcdn.mirr.one/liu673cn/box/main/sub/xpath/nmys2.json"},
{"key":"csp_xpath_bttwoo"      ,"name":"🦋两个BT(XP)","type":3,"api":"csp_XPath","searchable":0,"quickSearch":0,"filterable":0,"ext":"https://raw-gh.gcdn.mirr.one/liu673cn/box/main/sub/xpath/bttwoo.json"},
{"key":"csp_xpath_xqmi"        ,"name":"🦋小 强 迷(XP)","type":3,"api":"csp_XPath","searchable":1,"quickSearch":1,"filterable":0,"ext":"https://raw-gh.gcdn.mirr.one/liu673cn/box/main/sub/xpath/xqmi.json"},
{"key":"csp_biubiu_小强迷"      ,"name":"🐛小 强 迷","type":3,"api":"csp_XBiubiu","searchable":1,"quickSearch":1,"filterable":0,"ext":"https://raw-gh.gcdn.mirr.one/liu673cn/box/main/sub/biubiu/小强迷.json"},
{"key":"csp_biubiu_voflix"     ,"name":"✨Voflix HD","type":3,"api":"csp_XBiubiu","searchable":1,"quickSearch":1,"filterable":0,"ext":"https://raw-gh.gcdn.mirr.one/liu673cn/box/main/sub/biubiu/voflix.json"},
{"key":"csp_biubiu_锐行加速"    ,"name":"🐛锐行加速","type":3,"api":"csp_XBiubiu","searchable":1,"quickSearch":1,"filterable":0,"ext":"https://raw-gh.gcdn.mirr.one/liu673cn/box/main/sub/biubiu/锐行加速.json"},
{"key":"csp_biubiu_干饭影视"    ,"name":"🐛干饭影视","type":3,"api":"csp_XBiubiu","searchable":1,"quickSearch":1,"filterable":0,"ext":"https://raw-gh.gcdn.mirr.one/liu673cn/box/main/sub/biubiu/干饭影视.json"},
{"key":"csp_biubiu_AB影院"      ,"name":"🐛AB影院","type":3,"api":"csp_XBiubiu","searchable":1,"quickSearch":1,"filterable":0,"ext":"https://raw-gh.gcdn.mirr.one/liu673cn/box/main/sub/biubiu/AB影院.json"},
{"key":"csp_biubiu_稀饭影视"    ,"name":"🐛稀饭影视","type":3,"api":"csp_XBiubiu","searchable":1,"quickSearch":1,"filterable":0,"ext":"https://raw-gh.gcdn.mirr.one/liu673cn/box/main/sub/biubiu/稀饭影视.json"},
{"key":"csp_biubiu_达达龟"      ,"name":"🐛达达龟","type":3,"api":"csp_XBiubiu","searchable":1,"quickSearch":1,"filterable":0,"ext":"https://raw-gh.gcdn.mirr.one/liu673cn/box/main/sub/biubiu/达达龟.json"},
{"key":"csp_biubiu_小熊影视"    ,"name":"🐛小熊影视","type":3,"api":"csp_XBiubiu","searchable":1,"quickSearch":1,"filterable":0,"ext":"https://raw-gh.gcdn.mirr.one/liu673cn/box/main/sub/biubiu/小熊影视.json"},
{"key":"csp_biubiu_莫扎兔"      ,"name":"🐛莫扎兔","type":3,"api":"csp_XBiubiu","searchable":1,"quickSearch":1,"filterable":0,"ext":"https://raw-gh.gcdn.mirr.one/liu673cn/box/main/sub/biubiu/莫扎兔.json"},
{"key":"csp_biubiu_蓝光影视"    ,"name":"🐛蓝光影视","type":3,"api":"csp_XBiubiu","searchable":1,"quickSearch":1,"filterable":0,"ext":"https://raw-gh.gcdn.mirr.one/liu673cn/box/main/sub/biubiu/蓝光影视.json"},
{"key": "csp_biubiu_神马dyy"    ,"name":"🐛神马dyy","type": 3,"api": "csp_XBiubiu","searchable": 1,"quickSearch": 1,"filterable": 0,"ext": "https://raw-gh.gcdn.mirr.one/liu673cn/box/main/sub/biubiu/神马dyy.json"},
//
{"key":"csp_biubiu_YYDS影院"    ,"name":"🐛YYDS影院","type":3,"api":"csp_XBiubiu","searchable":1,"quickSearch":1,"filterable":0,"ext":"https://raw-gh.gcdn.mirr.one/liu673cn/box/main/sub/biubiu/YYDS影院.json"},
{"key":"csp_biubiu_zteys"      ,"name":"🐛钟特影视","type":3,"api":"csp_XBiubiu","searchable":1,"quickSearch":1,"filterable":1,"ext": "https://raw-gh.gcdn.mirr.one/liu673cn/box/main/sub/biubiu/钟特影视.json"},
{"key":"csp_biubiu_tegou"      ,"name":"🐛特狗影视","type":3,"api":"csp_XBiubiu","searchable":1,"quickSearch":1,"filterable":1,"ext": "https://raw-gh.gcdn.mirr.one/liu673cn/box/main/sub/biubiu/tegou.json"},
{"key":"csp_biubiu_真不卡zbk5"  ,"name":"🐛真不卡1(NS)","type":3,"api":"csp_XBiubiu","searchable":1,"quickSearch":1,"filterable":0,"ext":"https://raw-gh.gcdn.mirr.one/liu673cn/box/main/sub/biubiu/真不卡zhenbuka3(ns).json"},
{"key":"csp_biubiu_真不卡cerrd" ,"name":"🐛真不卡2(NS)","type":3,"api":"csp_XBiubiu","searchable":1,"quickSearch":1,"filterable":0,"ext":"https://raw-gh.gcdn.mirr.one/liu673cn/box/main/sub/biubiu/真不卡cerrd(ns).json"},
{"key":"csp_biubiu_奇优影院ns"  ,"name":"🐛奇优影院(NS)","type":3,"api":"csp_XBiubiu","searchable":1,"quickSearch":1,"filterable":0,"ext":"https://raw-gh.gcdn.mirr.one/liu673cn/box/main/sub/biubiu/奇优影院(ns).json"},  
{"key":"csp_biubiu_黑狐影视ns"  ,"name":"🐛黑狐影视(NS)","type":3,"api":"csp_XBiubiu","searchable":1,"quickSearch":1,"filterable":0,"ext":"https://raw-gh.gcdn.mirr.one/liu673cn/box/main/sub/biubiu/黑狐影视(ns).json"},
{"key":"csp_biubiu_影视工厂"    ,"name":"🐛影视工厂","type":3,"api":"csp_XBiubiu","searchable":1,"quickSearch":1,"filterable":0,"ext":"https://raw-gh.gcdn.mirr.one/liu673cn/box/main/sub/biubiu/影视工厂.json"},
{"key":"csp_biubiu_乐猪影视"    ,"name":"🐛乐猪影视2","type":3,"api":"csp_XBiubiu","searchable":1,"quickSearch":1,"filterable":0,"ext":"https://raw-gh.gcdn.mirr.one/liu673cn/box/main/sub/biubiu/乐猪影视.json"},
{"key":"csp_biubiu_双十电影"    ,"name":"🐛双十电影","type":3,"api":"csp_XBiubiu","searchable":1,"quickSearch":1,"filterable":0,"ext":"https://raw-gh.gcdn.mirr.one/liu673cn/box/main/sub/biubiu/双十电影.json"},
{"key":"csp_biubiu_韩剧佬"      ,"name":"🐛韩剧佬","type":3,"api":"csp_XBiubiu","searchable":1,"quickSearch":1,"filterable":0,"ext":"https://raw-gh.gcdn.mirr.one/liu673cn/box/main/sub/biubiu/韩剧佬.json"},  
{"key":"csp_biubiu_韩剧在线"    ,"name":"🐛韩剧在线","type":3,"api":"csp_XBiubiu","searchable":1,"quickSearch":1,"filterable":0,"ext":"https://raw-gh.gcdn.mirr.one/liu673cn/box/main/sub/biubiu/韩剧在线.json"},
{"key":"csp_biubiu_akmeiju"    ,"name":"🐛爱看美剧","type":3,"api":"csp_XBiubiu","searchable":1,"quickSearch":1,"filterable":0,"ext":"https://raw-gh.gcdn.mirr.one/liu673cn/box/main/sub/biubiu/akmeiju.json"},
{"key":"csp_appysv2_gotka"      ,"name":"🐌速播影视(v2)","type":3,"api":"csp_AppYsV2","searchable":1,"quickSearch":1,"filterable":1,"ext":"http://mkk.gotka.top/api.php/v1.vod"},
{"key":"csp_appysv2_独优影视"   ,"name":"🐌独优影视(v2)","type":3,"api":"csp_AppYsV2","searchable":1,"quickSearch":1,"filterable":1,"ext":"http://121.205.88.71:218/api.php/Chengcheng/vod/"},
{"key":"csp_appysv2_300看世界"  ,"name":"🐌300看世界(v2)","type":3,"api":"csp_AppYsV2","searchable":1,"quickSearch":1,"filterable":1,"ext":"https://300ys.xyz/mogai_api.php/v1.vod"},
{"key":"csp_appys_美剧虫"       ,"name":"🐌美剧虫(v1)","type":3,"api":"csp_AppYs","searchable":1,"quickSearch":1,"filterable":1,"ext":"https://meijuchong.com/api.php/v1.vod"},
{"key":"csp_appysv2_钟特影视"   ,"name":"🐌钟特影视(v2)","type":3,"api":"csp_AppYsV2","searchable":1,"quickSearch":1,"filterable":1,"ext":"https://app.zteys.com/api.php/v1.vod"},
{"key":"csp_appysv2_9E03"       ,"name":"🐌9E03影视(v2)","type": 3,"api": "csp_AppYsV2","searchable": 1,"quickSearch": 1,"filterable": 1,"ext":"https://vod.9e03.com/lvdou_api.php/v1.vod"},
{"key":"csp_BBB"           ,"name":"🐞哔哩哔哩","type": 3,"api": "csp_BBB","searchable":1,"quickSearch":1,"filterable":1,"ext":"https://www.qiaoji8.com/jar/bili.json"},
{"key":"csp_Blixs"         ,"name":"🐞相声小品","type":3,"api":"csp_Blixs","searchable":1,"quickSearch":1,"filterable":1},
{"key":"csp_Bliyc"         ,"name":"🐞演唱会","type":3,"api":"csp_Bliyc","searchable":1,"quickSearch":1,"filterable":1,"ext":"https://www.qiaoji8.com/jar/singers.json"},
{"key":"csp_Blidw"         ,"name":"🐞动物世界","type":3,"api":"csp_Blidw","searchable":1,"quickSearch":1,"filterable":1},
{"key":"csp_GitCafe"       ,"name":"🐞小纸条","type":3,"api":"csp_GitCafe","searchable":1,"quickSearch":1,"filterable":0},  
{"key":"csp_AliPanSou"     ,"name":"🐞云喵搜📵","type":3,"api":"csp_AliPanSou","searchable":1,"quickSearch":1,"filterable":0},
{"key":"push_agent"        ,"name":"🛴推送📵","type":3,"api":"csp_PushAgent","searchable":0,"quickSearch":0,"filterable":0,"ext":"阿里Token"},
//
{"key":"csp_xpath_huya","name":"🐯虎牙(XPF)","type":3,"api":"csp_XPathMacFilter","searchable":1,"quickSearch":1,"filterable":1,"ext":"https://raw-gh.gcdn.mirr.one/liu673cn/box/main/sub/xpath/虎牙.json"},
{"key":"csp_xpath_huyam","name":"🐻虎牙M","type":3,"api":"csp_XPath","searchable":1,"quickSearch":1,"filterable":0,"ext":"https://raw-gh.gcdn.mirr.one/liu673cn/box/main/sub/xpath/huya.json"},
{"key":"csp_xpath_huyag","name":"🦊虎牙G","type":3,"api":"csp_XPathMacFilter","searchable":1,"quickSearch":1,"filterable":1,"ext":"https://raw-gh.gcdn.mirr.one/liu673cn/box/main/sub/xpath/huya2.json"},
{"key":"csp_biubiu_斗鱼","name":"🐟斗鱼","type":3,"api":"csp_XBiubiu","searchable":1,"quickSearch":1,"filterable":0,"ext":"https://raw-gh.gcdn.mirr.one/liu673cn/box/main/sub/biubiu/斗鱼.json"},
{"key":"csp_xml___200121","name":"🐝200121","type":1,"api":"https://www.200121.com/api.php/provide/vod/","playUrl":"","searchable":1,"quickSearch":1},
{"key":"csp_xml___mac采集","name":"🐝苹果采集","type":1,"api":"http://107.150.5.146:39000/maccms10-main/api.php/provide/vod/at/xml","playUrl":"","searchable":1,"quickSearch":1},
{"key":"csp_xml___光速资源","name":"🐝光速资源","type":1,"api":"https://api.guangsuapi.com/api.php/provide/vod/","playUrl":"","searchable":1,"quickSearch":1},
{"key":"csp_xml___量子资源","name":"🐝量子资源","type":1,"api":"http://cj.lziapi.com/api.php/provide/vod/","playUrl":"","searchable":1,"quickSearch":1},
{"key":"csp_xml___xinlang","name":"🐝新浪资源","type":1,"api":"http://api.xinlangapi.com/xinlangapi.php/provide/vod/","playUrl":"","searchable":1,"quickSearch":1},
{"key":"csp_xpath_酷奇mv","name":"🎤酷奇MV","type":3,"api":"csp_XPath","searchable":0,"quickSearch":0,"filterable":0,"ext":"https://raw-gh.gcdn.mirr.one/liu673cn/box/main/sub/xpath/酷奇MV.json"},
{"key":"csp_xml___8090","name":"💢8090资源"  ,"type":1,"api":"http://zy.yilans.net:8090/api.php/provide/vod/","playUrl":"","searchable":1,"quickSearch":1},
{"key":"csp_xml___小猫咪","name":"💢小 猫 咪"   ,"type":1,"api":"https://zy.xiaomaomi.cc/api.php/provide/vod/","playUrl":"","searchable":1,"quickSearch":1},
{"key":"csp_biubiu_小猫咪","name":"🐛小 猫 咪","type":3,"api":"csp_XBiubiu","searchable":1,"quickSearch":1,"filterable":0,"ext":"https://raw-gh.gcdn.mirr.one/liu673cn/box/main/sub/biubiu/小猫咪.json"},
//
{"key":"csp_xpath_789kp","name":"🦋789看片","type":3,"api":"csp_XPathMacFilter","searchable":1,"quickSearch":1,"filterable":1,"ext":"https://raw-gh.gcdn.mirr.one/liu673cn/box/main/sub/xpath/789kp.json"},
{"key":"csp_xpath_Gimy","name": "🦋Gimy影院","type": 3,"api": "csp_XPathMacFilter","searchable": 1,"quickSearch": 1,"filterable": 1,"ext": "https://raw-gh.gcdn.mirr.one/liu673cn/box/main/sub/xpath/Gimy2.json"},
{"key":"csp_xpath_omofun","name": "🦋omofun日漫","type": 3,"api": "csp_XPathMacFilter","searchable": 1,"quickSearch": 1,"filterable": 1,"ext": "https://raw-gh.gcdn.mirr.one/liu673cn/box/main/sub/xpath/omofun.json"},
{"key":"csp_xpath_agemys","name":"🦋AGE动漫","type":3,"api":"csp_XPath","searchable":1,"quickSearch":1,"filterable":0,"ext":"https://raw-gh.gcdn.mirr.one/liu673cn/box/main/sub/xpath/agemys.json"},
{"key":"csp_xpath_dm84","name":"🦋动漫巴士","type":3,"api":"csp_XPathFilter","searchable":1,"quickSearch":1,"filterable":0,"ext":"https://raw-gh.gcdn.mirr.one/liu673cn/box/main/sub/xpath/dm84.json"},
{"key":"csp_xpath_yinghua","name":"🦋樱花动漫","type":3,"api":"csp_XPath","searchable":1,"quickSearch":1,"filterable":0,"ext":"https://raw-gh.gcdn.mirr.one/liu673cn/box/main/sub/xpath/yinghua.json"},
{"key":"csp_xpath_dmw","name":"🦋动漫岛","type":3,"api":"csp_XPathMacFilter","searchable":1,"quickSearch":1,"filterable":1,"ext":"https://raw-gh.gcdn.mirr.one/liu673cn/box/main/sub/xpath/dmw.json"},
{"key":"csp_xpath_2gangju","name":"🦋爱港剧","type":3,"api":"csp_XPathMacFilter","searchable":1,"quickSearch":1,"filterable":1,"ext":"https://raw-gh.gcdn.mirr.one/liu673cn/box/main/sub/xpath/2gangju.json"},
{"key":"csp_xpath_lmys","name": "🦋蓝莓影视","type": 3,"api":"csp_XPathFilter","searchable": 1,"quickSearch":1,"filterable":0,"ext":"https://raw-gh.gcdn.mirr.one/liu673cn/box/main/sub/xpath/lmys.json"},
{"key":"csp_xpath_wnvod","name": "🦋万能影视","type": 3,"api":"csp_XPathFilter","searchable": 1,"quickSearch": 1,"filterable":0,"ext":"https://raw-gh.gcdn.mirr.one/liu673cn/box/main/sub/xpath//wnvod.json"},
{"key":"csp_xpath_kyikan","name": "🦋看一看","type": 3,"api":"csp_XPath","searchable": 1,"quickSearch": 1,"filterable":0,"ext":"https://raw-gh.gcdn.mirr.one/liu673cn/box/main/sub/xpath/kyikan.json"},
{"key":"csp_xpath_yanet","name":"🦋鸭奈飞","type":3,"api":"csp_XPathFilter","searchable":1,"quickSearch":1,"filterable":1,"ext":"https://raw-gh.gcdn.mirr.one/liu673cn/box/main/sub/xpath/yanet.json"},
{"key":"csp_xpath_yanetflix","name":"🦋鸭奈非","type":3,"api":"csp_XPathMac","searchable":1,"quickSearch":1,"filterable":0,"ext":"https://raw-gh.gcdn.mirr.one/liu673cn/box/main/sub/xpath/yanetflix.json"},
{"key":"csp_xpath_94sm","name":"🦋94神马","type":3,"api":"csp_XPath","searchable":1,"quickSearch":1,"filterable":0,"ext":"https://raw-gh.gcdn.mirr.one/liu673cn/box/main/sub/xpath/94sm.json"},
{"key":"csp_xpath_zj883","name":"🦋追剧网","type":3,"api":"csp_XPath","searchable":1,"quickSearch":1,"filterable":0,"ext":"https://raw-gh.gcdn.mirr.one/liu673cn/box/main/sub/xpath/zj883.json"},
{"key":"csp_xpath_lkvod","name":"🦋来看点播","type":3,"api":"csp_XPath","searchable":1,"quickSearch":1,"filterable":0,"ext":"https://raw-gh.gcdn.mirr.one/liu673cn/box/main/sub/xpath/lkvod.json"},
{"key":"csp_yinghua","name":"🦋樱花动漫","type":3,"api":"csp_XPath","searchable":1,"quickSearch":1,"filterable":0,"ext":"https://raw-gh.gcdn.mirr.one/liu673cn/box/main/sub/xpath/yinghua2.json"},
{"key":"csp_xpath_vip1280","name":"🦋VIP电影","type":3,"api":"csp_XPath","searchable":1,"quickSearch":1,"filterable":0,"ext":"https://raw-gh.gcdn.mirr.one/liu673cn/box/main/sub/xpath/vip1280.json"},
{"key":"csp_XPath_bidiys","name":"🦋哔嘀影视","type":3,"api":"csp_XPath","searchable":1,"quickSearch":1,"filterable":0,"ext":"https://raw-gh.gcdn.mirr.one/liu673cn/box/main/sub/xpath/bidiys2.json"},
{"key":"csp_xpath_kuqimv","name":"🦋酷奇MV","type":3,"api":"csp_XPath","searchable":0,"quickSearch":0,"filterable":0,"ext":"https://raw-gh.gcdn.mirr.one/liu673cn/box/main/sub/xpath/kuqimv.json"},
{"key":"csp_xpath_yyotv","name":"🦋小太阳","type":3,"api":"csp_XPath","searchable":1,"quickSearch":1,"filterable":0,"ext":"https://raw-gh.gcdn.mirr.one/liu673cn/box/main/sub/xpath/yyotv.json"},
{"key":"csp_xpath_auete","name":"🦋Auete影视","type":3,"api":"csp_XPathFilter","searchable":1,"quickSearch":0,"filterable":1,"ext":"https://raw-gh.gcdn.mirr.one/liu673cn/box/main/sub/xpath/auete.json"},
{"key":"csp_xpath_6d","name":"🦋六度TV","type":3,"api":"csp_XPathFilter","searchable":1,"quickSearch":1,"filterable":1,"ext":"https://raw-gh.gcdn.mirr.one/liu673cn/box/main/sub/xpath/6d.json"},
{"key":"csp_xpath_348z","name":"🦋348电影","type":3,"api":"csp_XPathFilter","searchable":1,"quickSearch":1,"filterable":1,"ext":"https://raw-gh.gcdn.mirr.one/liu673cn/box/main/sub/xpath/348z.json"},
{"key":"csp_xpath_dandanzan10","name":"🦋蛋蛋赞","type":3,"api":"csp_XPathFilter","searchable":0,"quickSearch":0,"filterable":1,"ext":"https://raw-gh.gcdn.mirr.one/liu673cn/box/main/sub/xpath/dandanzan10.json"},
{"key":"csp_xpath_cokemv","name":"🦋Cokemv","type":3,"api":"csp_XPathFilter","searchable":1,"quickSearch":1,"filterable":1,"ext":"https://raw-gh.gcdn.mirr.one/liu673cn/box/main/sub/xpath/cokemv.json"},
{"key":"csp_xpath_tvci","name":"🦋大师兄","type":3,"api":"csp_XPathFilter","searchable":1,"quickSearch":1,"filterable":1,"ext":"https://raw-gh.gcdn.mirr.one/liu673cn/box/main/sub/xpath/tvci.json"},
{"key":"csp_xpath_meiju56","name":"🦋美剧网","type":3,"api":"csp_XPathFilter","searchable":1,"quickSearch":1,"filterable":1,"ext":"https://raw-gh.gcdn.mirr.one/liu673cn/box/main/sub/xpath/meiju562.json"},
{"key":"csp_xpath_tjyy","name":"🦋奇优影院","type":3,"api":"csp_XPathMac","searchable":1,"quickSearch":1,"filterable":0,"ext":"https://raw-gh.gcdn.mirr.one/liu673cn/box/main/sub/xpath/huigutongying.json"},
{"key":"csp_xpath_dy888","name":"🦋电影888","type":3,"api":"csp_XPathMac","searchable":1,"quickSearch":1,"filterable":0,"ext":"https://raw-gh.gcdn.mirr.one/liu673cn/box/main/sub/xpath/dy888.json"},
{"key":"csp_xpath_aidi","name":"🦋爱迪影视","type":3,"api":"csp_XPathMac","searchable":1,"quickSearch":1,"filterable":0,"ext":"https://raw-gh.gcdn.mirr.one/liu673cn/box/main/sub/xpath/aidi.json"},
{"key":"csp_xpath_juhuang","name":"🦋剧荒TV","type":3,"api":"csp_XPathMac","searchable":1,"quickSearch":1,"filterable":0,"ext":"https://raw-gh.gcdn.mirr.one/liu673cn/box/main/sub/xpath/juhuang.json"},
{"key":"csp_xpath_doujiaow","name":"🦋豆角网","type":3,"api":"csp_XPathMac","searchable":1,"quickSearch":1,"filterable":1,"ext":"https://raw-gh.gcdn.mirr.one/liu673cn/box/main/sub/xpath/doujiaow.json"},
{"key":"csp_xpath_duboku","name":"🦋独播库","type":3,"api":"csp_XPathMac","searchable":1,"quickSearch":1,"filterable":0,"ext":"https://raw-gh.gcdn.mirr.one/liu673cn/box/main/sub/xpath/duboku2.json"},
{"key":"csp_xpath_pianba","name":"🦋片吧影院","type":3,"api":"csp_XPathMac","searchable":1,"quickSearch":1,"filterable":0,"ext":"https://raw-gh.gcdn.mirr.one/liu673cn/box/main/sub/xpath/pianba.json"},
{"key":"csp_xpath_jpys","name":"🦋极品影视","type":3,"api":"csp_XPathMacFilter","searchable":1,"quickSearch":1,"filterable":1,"ext":"https://raw-gh.gcdn.mirr.one/liu673cn/box/main/sub/xpath/jpys.json"},
{"key":"csp_xpath_独播库","name":"🦋独播库(系统播)","type":3,"api":"csp_XPathMacFilter","searchable":1,"quickSearch":1,"filterable":1,"ext":"https://raw-gh.gcdn.mirr.one/liu673cn/box/main/sub/xpath/duboku.json"},
{"key":"csp_xpath_ttsp","name":"🦋天天视频","type":3,"api":"csp_XPathMacFilter","searchable":0,"quickSearch":0,"filterable":1,"ext":"https://raw-gh.gcdn.mirr.one/liu673cn/box/main/sub/xpath/ttsp.json"},
{"key":"csp_xpath_Ole","name":"🦋欧乐(Exo)","type":3,"api":"csp_XPathMacFilter","searchable":1,"quickSearch":1,"filterable":1,"ext":"https://raw-gh.gcdn.mirr.one/liu673cn/box/main/sub/xpath/olevod.json"},
{"key":"csp_xpath_ctv","name":"🦋冲TMTV","type":3,"api":"csp_XPathMacFilter","searchable":1,"quickSearch":1,"filterable":1,"ext":"https://raw-gh.gcdn.mirr.one/liu673cn/box/main/sub/xpath/chongtmtv.json"},
{"key":"csp_xpath_汉城影院","name":"🦋汉城影院","type":3,"api":"csp_XPathMacFilter","searchable":1,"quickSearch":1,"filterable":1,"ext":"https://raw-gh.gcdn.mirr.one/liu673cn/box/main/sub/xpath/hancheng.json"},
{"key":"csp_xpath_4kpianku","name":"🦋4k片库网","type":3,"api":"csp_XPathMacFilter","searchable":1,"quickSearch":1,"filterable":1,"ext":"https://raw-gh.gcdn.mirr.one/liu673cn/box/main/sub/xpath/4kpianku.json"},
{"key":"csp_xpath_Jumi","name":"🦋剧迷TV","type":3,"api":"csp_XPathMacFilter","searchable":1,"quickSearch":1,"filterable":1,"ext":"https://raw-gh.gcdn.mirr.one/liu673cn/box/main/sub/xpath/Jumi.json"},
{"key":"csp_xpath_唐人街","name":"🦋唐人街","type":3,"api":"csp_XPathMacFilter","searchable":1,"quickSearch":1,"filterable":1,"ext":"https://raw-gh.gcdn.mirr.one/liu673cn/box/main/sub/xpath/Renjie.json"},
{"key":"csp_xpath_lranc","name":"🦋天天影视","type":3,"api":"csp_XPathMacFilter","searchable":1,"quickSearch":1,"filterable":1,"ext":"https://raw-gh.gcdn.mirr.one/liu673cn/box/main/sub/xpath/lranc.json"},
{"key":"csp_xpath_dmntv","name":"🦋弹幕影院","type":3,"api":"csp_XPathMacFilter","searchable":1,"quickSearch":1,"filterable":1,"ext":"https://raw-gh.gcdn.mirr.one/liu673cn/box/main/sub/xpath/dmntv.json"},
//
{"key":"csp_biubiu_九亿资源","name":"🐛九亿资源","type":3,"api":"csp_XBiubiu","searchable":1,"quickSearch":1,"filterable":0,"ext":"https://raw-gh.gcdn.mirr.one/liu673cn/box/main/sub/biubiu/9亿资源.json"},
{"key":"csp_biubiu_瓜皮TV","name":"🐛瓜皮TV","type":3,"api":"csp_XBiubiu","searchable":1,"quickSearch":1,"filterable":0,"ext":"https://raw-gh.gcdn.mirr.one/liu673cn/box/main/sub/biubiu/瓜皮TV.json"},
{"key":"csp_biubiu_次元城","name":"🐛次元城","type":3,"api":"csp_XBiubiu","searchable":1,"quickSearch":1,"filterable":0,"ext":"https://raw-gh.gcdn.mirr.one/liu673cn/box/main/sub/biubiu/次元城.json"},
{"key":"csp_biubiu_森屋新番","name":"🐛森屋新番","type":3,"api":"csp_XBiubiu","searchable":1,"quickSearch":1,"filterable":0,"ext":"https://raw-gh.gcdn.mirr.one/liu673cn/box/main/sub/biubiu/森屋新番.json"},
{"key":"csp_biubiu_漫岛动漫","name":"🐛漫岛动漫","type":3,"api":"csp_XBiubiu","searchable":1,"quickSearch":1,"filterable":0,"ext":"https://raw-gh.gcdn.mirr.one/liu673cn/box/main/sub/biubiu/漫岛动漫.json"},
{"key":"csp_biubiu_维奇动漫","name":"🐛维奇动漫","type":3,"api":"csp_XBiubiu","searchable":1,"quickSearch":1,"filterable":0,"ext":"https://raw-gh.gcdn.mirr.one/liu673cn/box/main/sub/biubiu/维奇动漫.json"},
{"key":"csp_biubiu_喜鹊视频","name":"🐛喜鹊视频","type":3,"api":"csp_XBiubiu","searchable":1,"quickSearch":1,"filterable":0,"ext":"https://raw-gh.gcdn.mirr.one/liu673cn/box/main/sub/biubiu/喜鹊视频.json"},
{"key":"csp_biubiu_荣耀Glory","name":"🐛荣耀Glory","type":3,"api":"csp_XBiubiu","searchable":1,"quickSearch":1,"filterable":0,"ext":"https://raw-gh.gcdn.mirr.one/liu673cn/box/main/sub/biubiu/荣耀Glory.json"},
{"key":"csp_biubiu_去看吧","name":"🐛看吧动漫","type":3,"api":"csp_XBiubiu","searchable":1,"quickSearch":1,"filterable":0,"ext":"https://raw-gh.gcdn.mirr.one/liu673cn/box/main/sub/biubiu/去看吧.json"},
{"key":"csp_biubiu_风车动漫","name":"🐛风车动漫","type":3,"api":"csp_XBiubiu","searchable":1,"quickSearch":1,"filterable":0,"ext":"https://raw-gh.gcdn.mirr.one/liu673cn/box/main/sub/biubiu/风车动漫.json"},
{"key":"csp_biubiu_打驴动漫","name":"🐛打驴动漫","type":3,"api":"csp_XBiubiu","searchable":1,"quickSearch":1,"filterable":0,"ext":"https://raw-gh.gcdn.mirr.one/liu673cn/box/main/sub/biubiu/打驴动漫.json"},
{"key":"csp_biubiu_大象TV","name":"🐛大象TV","type":3,"api":"csp_XBiubiu","searchable":1,"quickSearch":1,"filterable":0,"ext":"https://raw-gh.gcdn.mirr.one/liu673cn/box/main/sub/biubiu/大象TV.json"},
{"key":"csp_biubiu_融兴影视","name":"🐛融兴影视","type":3,"api":"csp_XBiubiu","searchable":1,"quickSearch":1,"filterable":0,"ext":"https://raw-gh.gcdn.mirr.one/liu673cn/box/main/sub/biubiu/融兴影视.json"},
{"key": "csp_biubiu_神马kan","name":"🐛神马kan","type": 3,"api": "csp_XBiubiu","searchable": 1,"quickSearch": 1,"filterable": 0,"ext": "https://raw-gh.gcdn.mirr.one/liu673cn/box/main/sub/biubiu/神马kan.json"},
{"key":"csp_biubiu_奈落影院","name":"🐛奈落影院","type":3,"api":"csp_XBiubiu","searchable":1,"quickSearch":1,"filterable":0,"ext":"https://raw-gh.gcdn.mirr.one/liu673cn/box/main/sub/biubiu/奈落影院.json"},
{"key":"csp_biubiu_23影院","name":"🐛23影院","type":3,"api":"csp_XBiubiu","searchable":1,"quickSearch":1,"filterable":0,"ext":"https://raw-gh.gcdn.mirr.one/liu673cn/box/main/sub/biubiu/23影院.json"},
{"key":"csp_biubiu_348电影网","name":"🐛348电影网","type":3,"api":"csp_XBiubiu","searchable":1,"quickSearch":1,"filterable":0,"ext":"https://raw-gh.gcdn.mirr.one/liu673cn/box/main/sub/biubiu/348电影网.json"},
{"key":"csp_biubiu_开心果电影网","name":"🐛开心果电影网","type":3,"api":"csp_XBiubiu","searchable":1,"quickSearch":1,"filterable":0,"ext":"https://raw-gh.gcdn.mirr.one/liu673cn/box/main/sub/biubiu/开心果电影网.json"},
{"key":"csp_biubiu_VIP电影院","name":"🐛VIP电影院","type":3,"api":"csp_XBiubiu","searchable":1,"quickSearch":1,"filterable":0,"ext":"https://raw-gh.gcdn.mirr.one/liu673cn/box/main/sub/biubiu/VIP电影院.json"},
{"key":"csp_biubiu_奈菲影院","name":"🐛奈菲影院","type":3,"api":"csp_XBiubiu","searchable":1,"quickSearch":1,"filterable":0,"ext":"https://raw-gh.gcdn.mirr.one/liu673cn/box/main/sub/biubiu/奈菲影院.json"},
{"key":"csp_biubiu_蓝莓影视","name":"🐛蓝莓影视","type":3,"api":"csp_XBiubiu","searchable":1,"quickSearch":1,"filterable":0,"ext":"https://raw-gh.gcdn.mirr.one/liu673cn/box/main/sub/biubiu/蓝莓影视.json"},
{"key":"csp_biubiu_影渣渣","name":"🐛影渣渣","type":3,"api":"csp_XBiubiu","searchable":1,"quickSearch":1,"filterable":0,"ext":"https://raw-gh.gcdn.mirr.one/liu673cn/box/main/sub/biubiu/影渣渣.json"},
{"key":"csp_biubiu_飘花播播","name":"🐛飘花播播","type":3,"api":"csp_XBiubiu","searchable":1,"quickSearch":1,"filterable":0,"ext":"https://raw-gh.gcdn.mirr.one/liu673cn/box/main/sub/biubiu/飘花播播.json"},
{"key":"csp_biubiu_星空影视","name":"🐛星空影视","type":3,"api":"csp_XBiubiu","searchable":1,"quickSearch":1,"filterable":0,"ext":"https://raw-gh.gcdn.mirr.one/liu673cn/box/main/sub/biubiu/星空影视.json"},
{"key":"csp_biubiu_小傻瓜","name":"🐛小傻瓜","type":3,"api":"csp_XBiubiu","searchable":1,"quickSearch":1,"filterable":0,"ext":"https://raw-gh.gcdn.mirr.one/liu673cn/box/main/sub/biubiu/小傻瓜.json"},
{"key":"csp_biubiu_干饭影视","name":"🐛干饭影视","type":3,"api":"csp_XBiubiu","searchable":1,"quickSearch":1,"filterable":0,"ext":"https://raw-gh.gcdn.mirr.one/liu673cn/box/main/sub/biubiu/干饭影视.json"},
{"key":"csp_biubiu_1080Kkk","name":"🐛1080Kkk2","type":3,"api":"csp_XBiubiu","searchable":1,"quickSearch":1,"filterable":0,"ext":"https://raw-gh.gcdn.mirr.one/liu673cn/box/main/sub/bb/1080Kkk.json"},
{"key":"csp_biubiu_98播播网","name":"🐛98播播网2","type":3,"api":"csp_XBiubiu","searchable":1,"quickSearch":1,"filterable":0,"ext":"https://raw-gh.gcdn.mirr.one/liu673cn/box/main/sub/bb/98播播网.json"},
//
{"key":"csp_biubiu_完美看看"    ,"name":"🐛完美看看","type":3,"api":"csp_XBiubiu","searchable":1,"quickSearch":1,"filterable":0,"ext":"https://raw-gh.gcdn.mirr.one/liu673cn/box/main/sub/biubiu/完美看看影视.json"},
{"key":"csp_biubiu_剧白白","name":"🐛剧白白2","type":3,"api":"csp_XBiubiu","searchable":1,"quickSearch":1,"filterable":0,"ext":"https://raw-gh.gcdn.mirr.one/liu673cn/box/main/sub/biubiu/剧白白-蓝光.json"},
{"key":"csp_biubiu_LIBVIO","name":"🐛LIBVIO","type":3,"api":"csp_XBiubiu","searchable":1,"quickSearch":1,"filterable":0,"ext":"https://raw-gh.gcdn.mirr.one/liu673cn/box/main/sub/biubiu/LIBVIO.json"},
{"key":"csp_biubiu_在线之家","name":"🐛在线之家","type":3,"api":"csp_XBiubiu","searchable":1,"quickSearch":1,"filterable":0,"ext":"https://raw-gh.gcdn.mirr.one/liu673cn/box/main/sub/biubiu/在线之家.json"},
{"key":"csp_biubiu_厂长资源","name":"🐛厂长资源","type":3,"api":"csp_XBiubiu","searchable":1,"quickSearch":1,"filterable":0,"ext":"https://raw-gh.gcdn.mirr.one/liu673cn/box/main/sub/biubiu/厂长资源-蓝光.json"},
{"key":"csp_biubiu_555电影","name":"🐛555电影","type":3,"api":"csp_XBiubiu","searchable":1,"quickSearch":1,"filterable":0,"ext":"https://raw-gh.gcdn.mirr.one/liu673cn/box/main/sub/biubiu/555电影.json"},
{"key":"csp_biubiu_555资源","name":"🐛555资源","type":3,"api":"csp_XBiubiu","searchable":1,"quickSearch":1,"filterable":0,"ext":"https://raw-gh.gcdn.mirr.one/liu673cn/box/main/sub/biubiu/555资源.json"},
{"key":"csp_biubiu_天空资源","name":"🐛天空资源","type":3,"api":"csp_XBiubiu","searchable":1,"quickSearch":1,"filterable":0,"ext":"https://raw-gh.gcdn.mirr.one/liu673cn/box/main/sub/biubiu/天空资源.json"},
{"key":"csp_biubiu_思古影视2","name":"🐛思古影视","type":3,"api":"csp_XBiubiu","searchable":1,"quickSearch":1,"filterable":0,"ext":"https://raw-gh.gcdn.mirr.one/liu673cn/box/main/sub/biubiu/思古影视2.json"},
{"key":"csp_biubiu_影视之光","name":"🐛影视之光","type":3,"api":"csp_XBiubiu","searchable":1,"quickSearch":1,"filterable":0,"ext":"https://raw-gh.gcdn.mirr.one/liu673cn/box/main/sub/biubiu/影视之光.json"},
{"key":"csp_biubiu_克拉TV","name":"🐛克拉TV","type":3,"api":"csp_XBiubiu","searchable":1,"quickSearch":1,"filterable":0,"ext":"https://raw-gh.gcdn.mirr.one/liu673cn/box/main/sub/biubiu/克拉TV.json"},
{"key":"csp_biubiu_耐看点播","name":"🐛耐看点播","type":3,"api":"csp_XBiubiu","searchable":1,"quickSearch":1,"filterable":0,"ext":"https://raw-gh.gcdn.mirr.one/liu673cn/box/main/sub/biubiu/耐看点播.json"},
{"key":"csp_biubiu_TVB云播","name":"🐛TVB云播","type":3,"api":"csp_XBiubiu","searchable":1,"quickSearch":1,"filterable":0,"ext":"https://raw-gh.gcdn.mirr.one/liu673cn/box/main/sub/biubiu/TVB云播.json"},
{"key":"csp_biubiu_乌龟影院","name":"🐛乌龟影院","type":3,"api":"csp_XBiubiu","searchable":1,"quickSearch":1,"filterable":0,"ext":"https://raw-gh.gcdn.mirr.one/liu673cn/box/main/sub/biubiu/乌龟影院.json"},
{"key":"csp_biubiu_北川影视","name":"🐛北川影视","type":3,"api":"csp_XBiubiu","searchable":1,"quickSearch":1,"filterable":0,"ext":"https://raw-gh.gcdn.mirr.one/liu673cn/box/main/sub/biubiu/北川影视.json"},
{"key":"csp_biubiu_火火影视","name":"🐛火火影视","type":3,"api":"csp_XBiubiu","searchable":1,"quickSearch":1,"filterable":0,"ext":"https://raw-gh.gcdn.mirr.one/liu673cn/box/main/sub/biubiu/火火影视.json"},
{"key":"csp_biubiu_口袋影院","name":"🐛口袋影院","type":3,"api":"csp_XBiubiu","searchable":1,"quickSearch":1,"filterable":0,"ext":"https://raw-gh.gcdn.mirr.one/liu673cn/box/main/sub/biubiu/口袋影院.json"},
{"key":"csp_biubiu_黑洞影视","name":"🐛黑洞影视","type":3,"api":"csp_XBiubiu","searchable":1,"quickSearch":1,"filterable":0,"ext":"https://raw-gh.gcdn.mirr.one/liu673cn/box/main/sub/biubiu/黑洞影视.json"},
{"key": "csp_biubiu_神马tv8","name":"🐛神马tv8","type": 3,"api": "csp_XBiubiu","searchable": 1,"quickSearch": 1,"filterable": 0,"ext": "https://raw-gh.gcdn.mirr.one/liu673cn/box/main/sub/biubiu/神马tv8.json"},
{"key":"csp_biubiu_花猫TV","name":"🐛花猫TV","type":3,"api":"csp_XBiubiu","searchable":1,"quickSearch":1,"filterable":0,"ext":"https://raw-gh.gcdn.mirr.one/liu673cn/box/main/sub/biubiu/花猫TV.json"},
{"key":"csp_biubiu_VIP1280","name":"🐛VIP1280","type":3,"api":"csp_XBiubiu","searchable":1,"quickSearch":1,"filterable":0,"ext":"https://raw-gh.gcdn.mirr.one/liu673cn/box/main/sub/biubiu/VIP1280.json"},
{"key":"csp_biubiu_GIMY影视","name":"🐛GIMY影视","type":3,"api":"csp_XBiubiu","searchable":1,"quickSearch":1,"filterable":0,"ext":"https://raw-gh.gcdn.mirr.one/liu673cn/box/main/sub/biubiu/GIMY影视.json"},
{"key":"csp_biubiu_COKEMV","name":"🐛COKEMV","type":3,"api":"csp_XBiubiu","searchable":1,"quickSearch":1,"filterable":0,"ext":"https://raw-gh.gcdn.mirr.one/liu673cn/box/main/sub/biubiu/COKEMV.json"},
{"key":"csp_biubiu_hdmoli"     ,"name":"🐛hdmoli","type":3,"api":"csp_XBiubiu","searchable":1,"quickSearch":1,"filterable":0,"ext":"https://raw-gh.gcdn.mirr.one/liu673cn/box/main/sub/biubiu/hdmoli.json"},
{"key":"csp_biubiu_炫猫影视","name":"🐛炫猫影视","type":3,"api":"csp_XBiubiu","searchable":1,"quickSearch":1,"filterable":0,"ext":"https://raw-gh.gcdn.mirr.one/liu673cn/box/main/sub/biubiu/炫猫影视.json"},
{"key":"csp_biubiu_九州影视","name":"🐛九州影视","type":3,"api":"csp_XBiubiu","searchable":1,"quickSearch":1,"filterable":0,"ext":"https://raw-gh.gcdn.mirr.one/liu673cn/box/main/sub/biubiu/九州影视.json"},
{"key":"csp_biubiu_31看影视","name":"🐛31看影视","type":3,"api":"csp_XBiubiu","searchable":1,"quickSearch":1,"filterable":0,"ext":"https://raw-gh.gcdn.mirr.one/liu673cn/box/main/sub/biubiu/31看影视.json"},
{"key":"csp_biubiu_创艺影视","name":"🐛创艺影视","type":3,"api":"csp_XBiubiu","searchable":1,"quickSearch":1,"filterable":0,"ext":"https://raw-gh.gcdn.mirr.one/liu673cn/box/main/sub/biubiu/创艺影视.json"},
{"key":"csp_biubiu_骚火电影","name":"🐛骚火电影","type":3,"api":"csp_XBiubiu","searchable":1,"quickSearch":1,"filterable":0,"ext":"https://raw-gh.gcdn.mirr.one/liu673cn/box/main/sub/biubiu/骚火电影.json"},
{"key":"csp_biubiu_鸭奈飞","name":"🐛鸭奈飞","type":3,"api":"csp_XBiubiu","searchable":1,"quickSearch":1,"filterable":0,"ext":"https://raw-gh.gcdn.mirr.one/liu673cn/box/main/sub/biubiu/鸭奈飞.json"},
{"key":"csp_biubiu_六度TV","name":"🐛六度TV","type":3,"api":"csp_XBiubiu","searchable":1,"quickSearch":1,"filterable":0,"ext":"https://raw-gh.gcdn.mirr.one/liu673cn/box/main/sub/biubiu/六度TV.json"},
{"key":"csp_biubiu_如如影视","name":"🐛如如影视","type":3,"api":"csp_XBiubiu","searchable":1,"quickSearch":1,"filterable":0,"ext":"https://raw-gh.gcdn.mirr.one/liu673cn/box/main/sub/biubiu/如如影视.json"},
{"key":"csp_biubiu_看一看影视","name":"🐛看一看影视","type":3,"api":"csp_XBiubiu","searchable":1,"quickSearch":1,"filterable":0,"ext":"https://raw-gh.gcdn.mirr.one/liu673cn/box/main/sub/biubiu/看一看影视.json"},
{"key":"csp_biubiu_789影视","name":"🐛789影视","type":3,"api":"csp_XBiubiu","searchable":1,"quickSearch":1,"filterable":0,"ext":"https://raw-gh.gcdn.mirr.one/liu673cn/box/main/sub/biubiu/789影视.json"},
{"key":"csp_biubiu_人人影视","name":"🐛人人影视","type":3,"api":"csp_XBiubiu","searchable":1,"quickSearch":1,"filterable":0,"ext":"https://raw-gh.gcdn.mirr.one/liu673cn/box/main/sub/biubiu/人人影视.json"},
{"key":"csp_biubiu_chok8电影","name":"🐛chok8电影","type":3,"api":"csp_XBiubiu","searchable":1,"quickSearch":1,"filterable":0,"ext":"https://raw-gh.gcdn.mirr.one/liu673cn/box/main/sub/biubiu/chok8电影.json"},
{"key":"csp_biubiu_爱港剧","name":"🐛爱港剧","type":3,"api":"csp_XBiubiu","searchable":1,"quickSearch":1,"filterable":0,"ext":"https://raw-gh.gcdn.mirr.one/liu673cn/box/main/sub/biubiu/爱港剧.json"},
{"key":"csp_biubiu_手机看剧","name":"🐛手机看剧","type":3,"api":"csp_XBiubiu","searchable":1,"quickSearch":1,"filterable":0,"ext":"https://raw-gh.gcdn.mirr.one/liu673cn/box/main/sub/biubiu/手机看剧.json"},
{"key":"csp_biubiu_哔嘀影视","name":"🐛哔嘀影视","type":3,"api":"csp_XBiubiu","searchable":1,"quickSearch":1,"filterable":0,"ext":"https://raw-gh.gcdn.mirr.one/liu673cn/box/main/sub/biubiu/哔嘀影视.json"},
{"key":"csp_biubiu_利丽娅电影","name":"🐛利丽娅电影","type":3,"api":"csp_XBiubiu","searchable":1,"quickSearch":1,"filterable":0,"ext":"https://raw-gh.gcdn.mirr.one/liu673cn/box/main/sub/biubiu/利丽娅电影.json"},
{"key":"csp_biubiu_七年影视","name":"🐛七年影视","type":3,"api":"csp_XBiubiu","searchable":1,"quickSearch":1,"filterable":0,"ext":"https://raw-gh.gcdn.mirr.one/liu673cn/box/main/sub/biubiu/七年影视.json"},
{"key":"csp_biubiu_大象TV","name":"🐛大象TV","type":3,"api":"csp_XBiubiu","searchable":1,"quickSearch":1,"filterable":0,"ext":"https://raw-gh.gcdn.mirr.one/liu673cn/box/main/sub/biubiu/大象TV.json"},
{"key":"csp_biubiu_4kan电影网","name":"🐛4kan电影网","type":3,"api":"csp_XBiubiu","searchable":1,"quickSearch":1,"filterable":0,"ext":"https://raw-gh.gcdn.mirr.one/liu673cn/box/main/sub/biubiu/4kan电影网.json"},
{"key":"csp_biubiu_牛马TV","name":"🐛牛马TV","type":3,"api":"csp_XBiubiu","searchable":1,"quickSearch":1,"filterable":0,"ext":"https://raw-gh.gcdn.mirr.one/liu673cn/box/main/sub/biubiu/牛马TV.json"},
{"key":"csp_biubiu_豆角网","name":"🐛豆角网","type":3,"api":"csp_XBiubiu","searchable":1,"quickSearch":1,"filterable":0,"ext":"https://raw-gh.gcdn.mirr.one/liu673cn/box/main/sub/biubiu/豆角网.json"},
{"key":"csp_biubiu_尘落影院","name":"🐛尘落影院","type":3,"api":"csp_XBiubiu","searchable":1,"quickSearch":1,"filterable":0,"ext":"https://raw-gh.gcdn.mirr.one/liu673cn/box/main/sub/biubiu/尘落影院.json"},
{"key":"csp_biubiu_city电影","name":"🐛city电影","type":3,"api":"csp_XBiubiu","searchable":1,"quickSearch":1,"filterable":0,"ext":"https://raw-gh.gcdn.mirr.one/liu673cn/box/main/sub/biubiu/city电影.json"},
{"key":"csp_biubiu_电影馆","name":"🐛电影馆","type":3,"api":"csp_XBiubiu","searchable":1,"quickSearch":1,"filterable":0,"ext":"https://raw-gh.gcdn.mirr.one/liu673cn/box/main/sub/biubiu/电影馆.json"},
{"key":"csp_biubiu_爱看影视","name":"🐛爱看影视","type":3,"api":"csp_XBiubiu","searchable":1,"quickSearch":1,"filterable":0,"ext":"https://raw-gh.gcdn.mirr.one/liu673cn/box/main/sub/biubiu/爱看影视.json"},
{"key":"csp_biubiu_视中心影院","name":"🐛视中心影院","type":3,"api":"csp_XBiubiu","searchable":1,"quickSearch":1,"filterable":0,"ext":"https://raw-gh.gcdn.mirr.one/liu673cn/box/main/sub/biubiu/视中心影院.json"},
{"key":"csp_biubiu_老茶馆","name":"🐛老茶馆","type":3,"api":"csp_XBiubiu","searchable":1,"quickSearch":1,"filterable":0,"ext":"https://raw-gh.gcdn.mirr.one/liu673cn/box/main/sub/biubiu/老茶馆.json"},
{"key":"csp_biubiu_凛冬又至","name":"🐛凛冬又至","type":3,"api":"csp_XBiubiu","searchable":1,"quickSearch":1,"filterable":0,"ext":"https://raw-gh.gcdn.mirr.one/liu673cn/box/main/sub/biubiu/凛冬又至.json"},
{"key":"csp_biubiu_红领巾","name":"🐛红领巾","type":3,"api":"csp_XBiubiu","searchable":1,"quickSearch":1,"filterable":0,"ext":"https://raw-gh.gcdn.mirr.one/liu673cn/box/main/sub/biubiu/红领巾.json"},
{"key":"csp_biubiu_老电影","name":"🐛老电影","type":3,"api":"csp_XBiubiu","searchable":1,"quickSearch":1,"filterable":0,"ext":"https://raw-gh.gcdn.mirr.one/liu673cn/box/main/sub/biubiu/老电影.json"},
{"key":"csp_biubiu_Nike影视网","name":"🐛Nike影视网","type":3,"api":"csp_XBiubiu","searchable":1,"quickSearch":1,"filterable":0,"ext":"https://raw-gh.gcdn.mirr.one/liu673cn/box/main/sub/biubiu/Nike影视网.json"},
{"key":"csp_biubiu_伊雪湾","name":"🐛伊雪湾","type":3,"api":"csp_XBiubiu","searchable":1,"quickSearch":1,"filterable":0,"ext":"https://raw-gh.gcdn.mirr.one/liu673cn/box/main/sub/biubiu/伊雪湾.json"},
{"key":"csp_biubiu_极品影视","name":"🐛极品影视","type":3,"api":"csp_XBiubiu","searchable":1,"quickSearch":1,"filterable":0,"ext":"https://raw-gh.gcdn.mirr.one/liu673cn/box/main/sub/biubiu/极品影视.json"},
{"key":"csp_biubiu_139影视","name":"🐛139影视","type":3,"api":"csp_XBiubiu","searchable":1,"quickSearch":1,"filterable":0,"ext":"https://raw-gh.gcdn.mirr.one/liu673cn/box/main/sub/biubiu/139影视.json"}, 
//
{"key":"csp_xml___WaBc腾讯","name":"🐝WaBc腾讯"   ,"type":1,"api":"https://wabc.ml/mao/1.php/provide/vod/","playUrl":"","searchable":1,"quickSearch":1},
{"key":"csp_xml___WaBc爱奇艺","name":"🐝WaBc爱奇艺"   ,"type":1,"api":"https://wabc.ml/mao/2.php/provide/vod/","playUrl":"","searchable":1,"quickSearch":1},
{"key":"csp_xml___诺迅资源","name":"🐝诺迅资源"   ,"type":1,"api":"https://caiji.nxflv.com/api.php/provide/vod/","playUrl":"https://www.nxflv.com/?url=","searchable":1,"quickSearch":1},
{"key":"csp_xml___M3U8资源","name":"🐝M3U8资源"   ,"type":1,"api":"http://www.zycaiji.net:7788/api.php/provide/vod/","playUrl":"","searchable":1,"quickSearch":1},
{"key":"csp_xml___畅视影视","name":"🐝畅视影视"   ,"type":1,"api":"http://app.reboju.net/api.php/provide/vod/","playUrl":"","searchable":1,"quickSearch":1},
{"key":"csp_xml___天堂资源","name":"🐝天堂资源"   ,"type":1,"api":"http://vipmv.cc/api.php/provide/vod/","playUrl":"","searchable":1,"quickSearch":1},
{"key":"csp_xml___快播云","name":"🐝快播云"     ,"type":1,"api":"http://www.kuaibozy.com/api.php/provide/vod/","playUrl":"","searchable":1,"quickSearch":1},
{"key":"csp_xml___江北资源","name":"🐝江北资源"   ,"type":1,"api":"https://gfzycj.hnmj.vip/api.php/provide/vod/","playUrl":"","searchable":1,"quickSearch":1},
{"key":"csp_xml___忆梦","name":"🐝忆 梦"      ,"type":1,"api":"http://anltv.cn/api.php/provide/vod/","playUrl":"","searchable":1,"quickSearch":1},
{"key":"csp_xml___看猫","name":"🐝看 猫"      ,"type":1,"api":"http://124.222.83.15:88/api.php/provide/vod/","playUrl":"","searchable":1,"quickSearch":1},
{"key":"csp_xml___雪人官采","name":"🐝雪人官采"   ,"type":1,"api":"https://zl.chinafix.wang/api.php/provide/vod/","searchable":1,"quickSearch":1},
{"key":"csp_xml___木子看剧","name":"🐝木子看剧"   ,"type":1,"api":"https://mzkj.maccms.cf/api.php/provide/vod/","searchable":1,"quickSearch":1},
{"key":"csp_xml___77电影","name":"🐝77电影"     ,"type":1,"api":"https://www.77diany.com/api.php/provide/vod/","playUrl":"","searchable":1,"quickSearch":1},
{"key":"csp_xml___外国影源","name":"🐝外国影源"   ,"type":1,"api":"http://api.nguonphim.tv/api.php/provide/vod/","playUrl":"","searchable":1,"quickSearch":1},
{"key":"csp_xml___CK资源","name":"🐝CK 资源"    ,"type":1,"api":"https://ckzy.me/api.php/provide/vod/","playUrl":"","searchable":1,"quickSearch":1},
{"key":"csp_xml___每天看看","name":"🐝每天看看"   ,"type":1,"api":"http://47.113.126.237:1234/api.php/provide/vod/","playUrl":"","searchable":1,"quickSearch":1},
{"key":"csp_xml___红牛资源","name":"🐝红牛资源"   ,"type":1,"api":"https://www.hongniuzy2.com/api.php/provide/vod/","playUrl":"","searchable":1,"quickSearch":1},
{"key":"csp_xml___飘花资源","name":"🐝飘花资源"   ,"type":1,"api":"http://www.zzrhgg.com/api.php/provide/vod/","playUrl":"","searchable":1,"quickSearch":1},
{"key":"csp_xml___百度资源","name":"🐝百度资源"   ,"type":1,"api":"https://api.apibdzy.com/api.php/provide/vod/","playUrl":"","searchable":1,"quickSearch":1},
{"key":"csp_xml___飞速资源","name":"🐝飞速资源"   ,"type":1,"api":"https://m3u8.feisuzyapi.com/api.php/provide/vod/","playUrl":"","searchable":1,"quickSearch":1},
{"key":"csp_xml___飞速资源2","name":"🐝飞速资源2"  ,"type":1,"api":"http://fszy1.com/api.php/provide/vod/","playUrl":"","searchable":1,"quickSearch":1},
{"key":"csp_xml___无尽资源","name":"🐝无尽资源"   ,"type":1,"api":"https://api.wujinapi.com/api.php/provide/vod/","playUrl":"","searchable":1,"quickSearch":1},
{"key":"csp_xml___番茄资源","name":"🐝番茄资源"   ,"type":1,"api":"http://api.fqzy.cc/api.php/provide/vod/","playUrl":"https://dp.fqplayer.com/dplayer/?url=","searchable":1,"quickSearch":1},
{"key":"csp_xml___U酷资源","name":"🐝U酷 资源"   ,"type":1,"api":"https://api.ukuapi.com/api.php/provide/vod/","playUrl":"","searchable":1,"quickSearch":1},
{"key":"csp_xml___天空资源","name":"🐝天空资源"   ,"type":1,"api":"https://api.tiankongapi.com/api.php/provide/vod/","playUrl":"","searchable":1,"quickSearch":1},
{"key":"csp_xml___天空资源2","name":"🐝天空资源2"   ,"type":1,"api":"https://m3u8.tiankongapi.com/api.php/provide/vod/","playUrl":"","searchable":1,"quickSearch":1},
{"key":"csp_xml___神速资源","name":"🐝神速资源"   ,"type":1,"api":"https://api.sszyapi.com/api.php/provide/vod/","playUrl":"","searchable":1,"quickSearch":1},
{"key":"csp_xml___飘花电影","name":"🐝飘花电影"   ,"type":1,"api":"http://www.zzrhgg.com/api.php/provide/vod/","playUrl":"","searchable":1,"quickSearch":1},
{"key":"csp_xml___樱花资源","name":"🐝樱花资源"   ,"type":1,"api":"https://m3u8.apiyhzy.com/api.php/provide/vod/","playUrl":"","searchable":1,"quickSearch":1},
{"key":"csp_xml___樱花资源2","name":"🐝樱花资源2"   ,"type":1,"api":"https://yhzy.cc/api.php/provide/vod/","playUrl":"","searchable":1,"quickSearch":1},
{"key":"csp_xml___卧龙资源","name":"🐝卧龙资源"   ,"type":1,"api":"https://collect.wolongzyw.com/api.php/provide/vod/","playUrl":"","searchable":1,"quickSearch":1},
{"key":"csp_xml___FOX采集","name":"🐝FOX 采集"   ,"type":1,"api":"https://foxzy.net/api.php/provide/vod/","playUrl":"","searchable":1,"quickSearch":1},
{"key":"csp_xml___FOX资源","name":"🐝FOX 资源"   ,"type":1,"api":"https://api.foxzyapi.com/api.php/provide/vod/","playUrl":"","searchable":1,"quickSearch":1},
{"key":"csp_xml___北斗星","name":"🐝北斗星"     ,"type":1,"api":"https://api.bdxapi.com/api.php/provide/vod/","playUrl":"","searchable":1,"quickSearch":1},
{"key":"csp_xml___39影视","name":"🐝3 9影视"    ,"type":1,"api":"https://www.39kan.com/api.php/provide/vod/","playUrl":"","searchable":1,"quickSearch":1},
{"key":"csp_xml___播放呀","name":"🐝播放呀"     ,"type":1,"api":"https://www.bofangya.com/api.php/provide/vod/","playUrl":"","searchable":1,"quickSearch":1},
{"key":"csp_xml___酷点资源","name":"🐝酷点资源"   ,"type":1,"api":"https://api.kuapi.cc/api.php/provide/vod/","playUrl":"","searchable":1,"quickSearch":1},
{"key":"csp_xml___想看资源","name":"🐝想看资源"   ,"type":1,"api":"https://xiangkanzy.com/api.php/provide/vod/","playUrl":"https://lyw28.com/m3u8/?url=","searchable":1,"quickSearch":1},
{"key":"csp_xml___想看资源2","name":"🐝想看资源2"  ,"type":1,"api":"https://m3u8.xiangkanapi.com/api.php/provide/vod/","playUrl":"https://lyw28.com/m3u8/?url=","searchable":1,"quickSearch":1},
{"key":"csp_xml___鱼乐资源","name":"🐝鱼乐资源"   ,"type":1,"api":"https://www.ylzy1.com/api.php/provide/vod/","playUrl":"","searchable":1,"quickSearch":1},
{"key":"csp_xml___橘猫资源","name":"🐝橘猫资源"   ,"type":1,"api":"http://www.zitv.cc/api.php/provide/vod/","playUrl":"","searchable":1,"quickSearch":1},
{"key":"csp_xml___影图资源","name":"🐝影图资源"   ,"type":1,"api":"https://cj.vodimg.top/api.php/provide/vod/","playUrl":"","searchable":1,"quickSearch":1},
{"key":"csp_xml___趣看采集","name":"🐝趣看采集"   ,"type":1,"api":"https://qkmp4.cn/api.php/provide/vod/","playUrl":"","searchable":1,"quickSearch":1},
{"key":"csp_xml___酷猫影视","name":"🐝酷猫影视"   ,"type":1,"api":"https://www.pgcms10.com/api.php/provide/vod/","playUrl":"","searchable":1,"quickSearch":1},
{"key":"csp_xml___松鼠资源","name":"🐝松鼠资源"   ,"type":1,"api":"https://m3u8.songshuzy.com/api.php/provide/vod/","playUrl":"","searchable":1,"quickSearch":1},
{"key":"csp_xml___共青春","name":"🐝共青春影院" ,"type":1,"api":"https://gqcyy.com/api.php/provide/vod/","playUrl":"","searchable":1,"quickSearch":1},
{"key":"csp_xml___一拳动漫","name":"🐝一拳动漫"   ,"type":1,"api":"http://47.97.68.224/api.php/provide/vod/","playUrl":"","searchable":1,"quickSearch":1},
{"key":"csp_xml___段友影视","name":"🐝段友影视"   ,"type":1,"api":"http://shangjihuoke.com/api.php/provide/vod/","playUrl":"","searchable":1,"quickSearch":1},
{"key":"csp_xml___考拉TV","name":"🐝考拉TV"    ,"type":1,"api":"https://ikaola.tv/api.php/provide/vod/","playUrl":"","searchable":1,"quickSearch":1},
{"key":"人人资源","name":"🈚人人资源(优)","type":1,"api":"http://www.rrzyw.cc/api.php/provide/vod/","searchable":1,"quickSearch":1},
{"key":"人人影视","name":"🈚人人影视(优)","type":1,"api":"https://www.rrvipw.com/api.php/provide/vod/","searchable":1,"quickSearch":1},
//
{"key":"csp_appysv2_天空TV","name":"🐌天空TV","type":3,"api":"csp_AppYsV2","searchable":1,"quickSearch":1,"filterable":1,"ext":"http://tv.tkys.tv/api.php/iptv/vod/"},
{"key":"csp_appysv2_1080KK","name":"🐌1080KK","type":3,"api":"csp_AppYsV2","searchable":1,"quickSearch":1,"filterable":1,"ext":"http://123.250idc.com/mogai_api.php/v1.vod"},
{"key":"csp_appysv2_阿里影视","name":"🐌阿里影视","type":3,"api":"csp_AppYsV2","searchable":1,"quickSearch":1,"filterable":1,"ext":"http://aliys.cn:90/api.php/v1.vod"},
{"key":"csp_appysv2_比邻影视","name":"🐌比邻影视","type":3,"api":"csp_AppYsV2","searchable":1,"quickSearch":1,"filterable":1,"ext":"http://0hzy.cn:9990/mogai_api.php/v1.vod"},
{"key":"csp_appysv2_极酷影视","name":"🐌极酷影视","type":3,"api":"csp_AppYsV2","searchable":1,"quickSearch":1,"filterable":1,"ext":"https://jiku.vip/mogai_api.php/v1.vod"},
{"key":"csp_appysv2_熊猫视频","name":"🐌熊猫视频","type":3,"api":"csp_AppYsV2","searchable":1,"quickSearch":1,"filterable":1,"ext":"http://anegh.com/lvdou_api.php/v1.vod"},
{"key":"csp_appysv2_米来影视","name":"🐌米来影视","type":3,"api":"csp_AppYsV2","searchable":1,"quickSearch":1,"filterable":1,"ext":"http://42.51.37.161:2346/api.php/iptv/vod/"},
{"key":"csp_appysv2_聚多影视","name":"🐌聚多影视","type":3,"api":"csp_AppYsV2","searchable":1,"quickSearch":1,"filterable":1,"ext":"http://jdys.weetai.cn/api.php/iptv/vod/"},
{"key":"csp_appysv2_非凡影院","name":"🐌非凡影院","type":3,"api":"csp_AppYsV2","searchable":1,"quickSearch":1,"filterable":1,"ext":"http://cms.feifan12.xyz/api.php/iptv/vod/"},
{"key":"csp_appYsv2_爱酷影视","name": "🐌爱酷影视","type": 3,"api": "csp_AppYsV2","searchable": 1,"quickSearch": 1,"filterable": 1,"ext": "https://www.zhanlangbu.com/ruifenglb_api.php/v1.vod"},
{"key":"csp_appYsv2_飓风影视","name": "🐌飓风影视","type": 3,"api": "csp_AppYsV2","searchable": 1,"quickSearch": 1,"filterable": 1,"ext": "http://jf.35ys.cc/lehailb_api.php/v1.vod"},
{"key":"csp_appysv2_大熊","name":"🐌大熊","type":3,"api":"csp_AppYsV2","searchable":1,"quickSearch":1,"filterable":1,"ext":"https://dxys2233.com/mogai_api.php/v1.vod"},
{"key":"csp_appYsv2_零刻影院","name": "🐌零刻影院","type": 3,"api": "csp_AppYsV2","searchable": 1,"quickSearch": 1,"filterable": 1,"ext": "https://ys.ling00.cn/api.php/v1.vod"},
{"key":"csp_appYsv2_瑞丰影视","name": "🐌瑞丰影视","type": 3,"api": "csp_AppYsV2","searchable": 1,"quickSearch": 1,"filterable": 1,"ext": "http://121.204.249.135:4433/ruifenglb_api.php/v1.vod"},
{"key":"csp_appysv2_小鸟动漫","name":"🐌小鸟动漫","type":3,"api":"csp_AppYsV2","searchable":1,"quickSearch":1,"filterable":1,"ext":"http://xydm.baicai.buzz/mogai_api.php/v1.vod"},
{"key":"csp_appysv2_小白动漫","name":"🐌小白动漫","type":3,"api":"csp_AppYsV2","searchable":1,"quickSearch":1,"filterable":1,"ext":"http://121.62.60.222:13579/xiaobai_api.php/v1.vod"},
{"key":"csp_appysv2_日诚影视","name":"🐌日诚影视","type":3,"api":"csp_AppYsV2","searchable":1,"quickSearch":1,"filterable":1,"ext":"http://tv.rcz168.com/api.php/v1.vod"},
{"key":"csp_appysv2_淘剧社","name":"🐌淘剧社","type":3,"api":"csp_AppYsV2","searchable":1,"quickSearch":1,"filterable":1,"ext":"https://app.shuhai99.com/api.php/v1.vod"},
{"key":"csp_appysv2_乐云影视","name":"🐌乐云影视","type":3,"api":"csp_AppYsV2","searchable":1,"quickSearch":1,"filterable":1,"ext":"https://www.leyun.tv/api.php/v1.vod"},
{"key":"csp_appysv2_冷视TV","name":"🐌冷视TV","type":3,"api":"csp_AppYsV2","searchable":1,"quickSearch":1,"filterable":1,"ext":"https://len.tv/api.php/v1.vod"},
{"key":"csp_appysv2_小南TV","name":"🐌小南TV","type":3,"api":"csp_AppYsV2","searchable":1,"quickSearch":1,"filterable":1,"ext":"http://n293.ngys.xyz/mv/api.php/Chengcheng/vod/"},
{"key":"csp_appysv2_看看视频","name":"🐌看看视频","type":3,"api":"csp_AppYsV2","searchable":1,"quickSearch":1,"filterable":1,"ext":"http://888.ccboke.top/ruifenglb_api.php/v1.vod"},
{"key":"csp_appysv2_快看影视","name":"🐌快看影视","type":3,"api":"csp_AppYsV2","searchable":1,"quickSearch":1,"filterable":1,"ext":"https://kuaikys.com/mogai_api.php/v1.vod"},
{"key":"csp_appysv2_柠檬TV","name":"🐌柠檬TV","type":3,"api":"csp_AppYsV2","searchable":1,"quickSearch":1,"filterable":1,"ext":"http://106.12.113.90:7575/api.php/iptv/vod/"},
{"key":"csp_appysv2_芒迅TV","name":"🐌芒迅TV","type":3,"api":"csp_AppYsV2","searchable":1,"quickSearch":1,"filterable":1,"ext":"http://www.hdyangtv.com/api.php/iptv/vod/"},
{"key":"csp_appysv2_盒子视界","name":"🐌盒子视界","type":3,"api":"csp_AppYsV2","searchable":1,"quickSearch":1,"filterable":1,"ext":"http://eh.tvzy.cc/api.php/iptv/vod/"},
{"key":"csp_appysv2_贵宾影院","name":"🐌贵宾影院","type":3,"api":"csp_AppYsV2","searchable":1,"quickSearch":1,"filterable":1,"ext":"https://vipdytv.com/api.php/iptv/vod/"},
{"key":"csp_appysv2_CV影视","name":"🐌CV影视","type":3,"api":"csp_AppYsV2","searchable":1,"quickSearch":1,"filterable":1,"ext":"http://www.cccvvv.top/api.php/iptv/vod/"},
{"key":"csp_appysv2_369TV","name":"🐌369TV","type":3,"api": "csp_AppYsV2","searchable":0,"quickSearch":0,"filterable":1,"ext":"http://8.142.23.147:555/api.php/Chengcheng/vod/"},
{"key":"csp_appysv2_2号币","name":"🐌2号币","type":3,"api":"csp_AppYsV2","searchable":1,"quickSearch":1,"filterable":1,"ext":"http://phoebe.cf/api.php/iptv/vod/"},
{"key":"csp_appys_影视大全","name":"🐌影视大全","type":3,"api":"csp_AppYs","searchable":1,"quickSearch":1,"filterable":1,"ext":"https://xc.xixi2yy.xyz/mogai_api.php/v1.vod"},
{"key":"csp_appys_月儿影视","name":"🐌月儿影视","type":3,"api":"csp_AppYs","searchable":1,"quickSearch":1,"filterable":1,"ext":"https://yue52.xyz/api.php/v1.vod"},
{"key":"csp_appys_熊猫动漫","name":"🐌熊猫动漫","type":3,"api":"csp_AppYs","searchable":1,"quickSearch":1,"filterable":1,"ext":"http://dongman.k8aa.com/mogai_api.php/v1.vod"},
{"key":"csp_appys_天天视频","name":"🐌天天视频","type":3,"api": "csp_AppYs","searchable":1,"quickSearch":1,"filterable":1,"ext":"http://app.qianju.cc/api.php/v1.vod"},
{"key":"csp_appys_沭阳影视","name":"🐌沭阳影视","type":3,"api":"csp_AppYs","searchable":1,"quickSearch":1,"filterable":1,"ext":"http://zjr.jurentiaodeng.com/api.php/v1.vod"},
{"key":"csp_appys_三日影院","name":"🐌三日影院","type":3,"api":"csp_AppYs","searchable":1,"quickSearch":1,"filterable":1,"ext":"https://www.3ri.net/api.php/v1.vod"},
{"key":"csp_appys_群鑫影视","name":"🐌群鑫影视","type":3,"api": "csp_AppYs","searchable":1,"quickSearch":1,"filterable":1,"ext":"http://www.qunxinys.com/api.php/v1.vod"},
{"key":"csp_appys_流星影院","name":"🐌流星影院","type":3,"api": "csp_AppYs","searchable":1,"quickSearch":1,"filterable":1,"ext":"http://app.216bk.xyz/api.php/v1.vod"},
{"key":"csp_appys_凌晨影视","name":"🐌凌晨影视","type":3,"api": "csp_AppYs","searchable":1,"quickSearch":1,"filterable":1,"ext":"https://vip.wscyun.com/api.php/v1.vod"},
{"key":"csp_appys_看剧吧","name":"🐌看剧吧","type":3,"api": "csp_AppYs","searchable":1,"quickSearch":1,"filterable":1,"ext":"http://app.ishen520.com/api.php/v1.vod"},
{"key":"csp_appys_筋斗云影视","name":"🐌筋斗云影视","type":3,"api": "csp_AppYs","searchable":1,"quickSearch":1,"filterable":1,"ext":"https://tv.jindcloud.com/api.php/v1.vod"},
{"key":"csp_appys_U5影视","name":"🐌U5影视","type":3,"api": "csp_AppYs","searchable":1,"quickSearch":1,"filterable":1,"ext":"https://appx.uy07.com/api.php/v1.vod"},
{"key":"csp_appys_MX影视","name":"🐌MX影视","type":3,"api": "csp_AppYs","searchable":1,"quickSearch":1,"filterable":1,"ext":"http://mkk.gotka.top/api.php/v1.vod"},
{"key":"csp_appys_影视阁","name":"🐌影视阁","type":3,"api": "csp_AppYs","searchable":1,"quickSearch":1,"filterable":1,"ext":"http://216.98.10.85/api.php/iptv/vod/"},
{"key":"csp_appysv2_影库","name":"🐌影库","type":3,"api":"csp_AppYsV2","searchable":1,"quickSearch":1,"filterable":1,"ext":"https://yingkudy.com/lvdou_api.php/v1.vod"},
{"key": "csp_AppYs2_段友影视","name": "🐌段友影视2","type": 3,"api": "csp_AppYsV2","searchable": 1,"quickSearch": 1,"filterable": 1,"ext": "https://shangjihuoke.com/api.php/tv.vod"},
{"key":"csp_appysv2_影视猫","name":"🐌影视猫","type":3,"api":"csp_AppYsV2","searchable":1,"quickSearch":1,"filterable":1,"ext":"https://vip.wscyun.com/api.php/v1.vod"},
{"key":"csp_appysv2_蒲公英视频","name":"🐌蒲公英视频","type":3,"api":"csp_AppYsV2","searchable":1,"quickSearch":1,"filterable":1,"ext":"http://www.pgy1.top/ruifenglb_api.php/v1.vod"},
{"key":"csp_appysv2_免费影视","name":"🐌免费影视","type":3,"api":"csp_AppYsV2","searchable":1,"quickSearch":1,"filterable":1,"ext":"http://111.229.120.180:88/lvdou_api.php/v1.vod"},
{"key":"csp_appysv2_金叶影院","name":"🐌金叶影院","type":3,"api":"csp_AppYsV2","searchable":1,"quickSearch":1,"filterable":1,"ext":"http://r.zjj.life:88/mv/api.php/Chengcheng/vod/"}
],
"parses":[
{"name":"自动解析","type":3,"url":"Demo"},
{"name":"Json并发","type":2,"url":"Parallel"},
{"name":"Json轮询","type":2,"url":"Sequence"},
{"name":"线路NX","type":1,"url":"https://play.fuqizhishi.com/maotv/API.php?appkey=QQ172598364&url=","ext": {"flag": ["qq","qiyi","mgtv","youku","letv","sohu","xigua","1905"],"header": {"User-Agent": "Dalvik/2.1.0"}}},
{"name":"293","type":1,"url":"http://110.42.2.115:880/analysis/json/?uid=2100&my=fgjnoqstLMRUZ03489&url=","ext":{"flag":["qq","qiyi","mgtv","youku","letv","sohu","xigua","1905"],"header":{"User-Agent":"Dart/2.14 (dart:io)"}}},
{"name":"Web解析","type":0,"url": "https://chaxun.truechat365.com/?url=","ext": {"flag": ["youku","优酷","mgtv","芒果","qq","腾讯","qiyi","爱奇艺","qq","奇艺"]}},
{"name":"Pro","type": 1,"url": "http://api.vip123kan.vip/?url=","ext": {"flag": ["youku","优酷","mgtv","芒果","qq","腾讯","qiyi","爱奇艺","qq","奇艺"]}},
{"name":"测试","type":1,"url":"http://27.124.4.42:4567/jhjson/ceshi.php?url=","ext":{"flag":["qiyi","qq","letv","sohu","youku","mgtv","bilibili","wasu","xigua","1905"]}},
{"name":" 线路1","type":1,"url":"https://jx.hfyrw.com/mao.go?url=","ext": {"flag": ["youku","优酷","mgtv","芒果","qq","腾讯","qiyi","爱奇艺","qq","奇艺"]}},
{"name": "线路2","type":1,"url":"https://api.m3u8.tv:5678/home/api?type=ys&uid=1931000&key=gktuvyzABEORSYZ135&url=","ext":{	"flag":["youku","优酷","qq","腾讯","mgtv","芒果"]}},
{"name": "线路3","type":1,"url":"https://api.m3u8.tv:5678/home/api?type=ys&uid=9105801&key=huwxFGILMOQSTUZ679&url=","ext":{"flag":["qq","腾讯","qiyi","爱奇艺","奇艺","youku","优酷","mgtv","芒果"]}},
{"name": "线路4","type":1,"url":"https://json.pangujiexi.com:12345/json.php?url=","ext":{"flag":["qq","腾讯","qiyi","爱奇艺","奇艺","youku","优酷","mgtv","芒果"]}},
{"name": "线路5","type": 1,"url": "https://www.pangujiexi.com/pangu/?url="},
{"name":"鑫总解析","type":1,"url":"http://jiexi.mmhkj.xyz/home/api?type=ys&uid=4187535&key=enpstuBEJKLNPUXZ19&url="},
{"name":"4K线路","type":0,"url":"https://app.okmedcos.com/4k/?url=","ext":{"flag":["CL4K","qq","腾讯","pptv","PPTV"]}},
{"name":"线路9","type":1,"url":"https://jie.1z1.cc/api/?key=HdMmTMfyf1uTOQUL0b&url="},
{"name":"真不卡2","type":1,"url":"https://good-vip.mmiyue.com/zhenbuka2/api/svip/HaShrcJUHwtH7TDdgUzHaWvJ1lWUZWiK.php?url="},
{"name":"parwix1","type":1,"url": "https://jx.parwix.com:4433/player/?url=","ext":{"flag":["qq","腾讯","qiyi","爱奇艺","奇艺","youku","优酷","mgtv","芒果","letv","乐视","pptv","PPTV","sohu","bilibili","哔哩哔哩","哔哩"]}},
{"name":"parwix2","type":1,"url": "https://jx.parwix.com:4433/player/analysis.php?v=","ext":{"flag":["qq","腾讯","qiyi","爱奇艺","奇艺","youku","优酷","mgtv","芒果","letv","乐视","pptv","PPTV","sohu","bilibili","哔哩哔哩","哔哩"]}},
{"name":"parwix3","type": 1,"url": "https://api.parwix.com:4433/analysis/json/?uid=1735&my=cejkmnuvyBEFINR056&url="},
{"name":"解析04","type": 1,"url": "http://jf.tcspvip.com:246/home/api?type=ys&uid=65404&key=bjoprtvyABGIMPXZ27&url="},
{"name":"播放呀","type": 1,"url": "https://jx.vk95.com/xx/?url="},
{"name":"剧好看","type": 1,"url": "https://www.mtosz.com/m3u8.php?url="},
{"name":"想看资源","type": 1,"url": "https://lyw28.com/m3u8/?url="},
{"name":"bilibili","type":1,"url":"https://vip.23at.cn/home/api?type=ys&uid=4883852&key=adfimsvxzDKNOVX389&url=","ext":{	"flag":["bilibili"]}},
{"name":"leduo","type":1,"url":"https://api.ldjx.cc/wp-api/getvodurl.php?token=1001&vid="},
{"name":"duoduozy2","type":1,"url":"https://a.dxzj88.com/jxjx/dd.php?url="},
{"name":"renrenmi1","type":1,"url":"https://jx.blbo.cc:4433/?url="},
{"name":"renrenmi2","type":1,"url":"https://a.dxzj88.com/jxrrm/jiami.php?url="},
{"name":"renrenmi3","type":1,"url":"https://sz.dxzj88.com/jxrjrm/jiaomi.php?url="},
{"name":"Pro2","type":1,"url":"https://vip.rongxingvr.top/api/?type=ys&key=JJEZkZIhzkA4cUtBfR&url=","ext":{"flag":["ltnb","rx","qiyi","爱奇艺","qq","奇艺","sohu","letv","youku","优酷","mgtv","芒果"]}},
{"name":"2","type":1,"url":"https://jx.mczdyw.com/xg.php?url=","ext":{"flag":["mgtv","芒果"]}},
{"name":"3","type":1,"url":"https://www.aiaine.com/api/?key=kVqmG5dAQ5dZTcECw8&url=","ext":{"flag":["youku","优酷","mgtv","芒果","qq","腾讯","qiyi","爱奇艺","qq","奇艺"]}},
{"name":"4","type":1,"url":"https://svip.rongxingvr.top/api/?key=niBgMGXVdCQhsmeEBK&url=","ext":{	"flag":["youku","优酷","mgtv","芒果","qq","腾讯","qiyi","爱奇艺","qq","奇艺"]}},
{"name":"8","type":1,"url":"https://app.iminna.com/jx/?url=","ext":{"flag":["youku","优酷","mgtv","芒果","qq","腾讯","qiyi","爱奇艺","qq","奇艺"]}},
{"name":"初心影视1","type":1,"url":"http://jhpc.manduhu.com/j1217.php?url=","ext":{"flag":["youku","优酷","qq","腾讯","mgtv","芒果"]}},
{"name":"飓风影院2","type":1,"url":"https://vvip.funsline.cn/api/?key=3xWfEoDf4V9p9Y20CR&url=","ext":{"flag":["ziqie","youku","优酷","qiyi","爱奇艺","奇艺","mgtv","芒果","qq","腾讯"]}},
{"name":"我爱电影网","type":1,"url":"https://jhpc.manduhu.com/j1217.php?url=","ext":{"flag":["qiyi","爱奇艺","奇艺","mgtv","芒果","youku","优酷","pptv","PPTV"]}},
{"name":"江湖解析","type":1,"url":"http://103.40.240.46/jh/?url=","ext":{	"flag":["renrenmi","qq","腾讯","youku","优酷","mgtv","芒果","xigua","西瓜"]}},
{"name":"王牌","type":1,"url":"https://za.kuanjv.com/?url=","ext":{"flag":["qq","腾讯","qiyi","爱奇艺","奇艺","youku","优酷","mgtv","芒果","搜狐","sohu","letv","乐视","bilibili","哔哩哔哩","哔哩","xigua","西瓜"]}},
{"name":"我爱电影网","type":1,"url":"https://jhpc.manduhu.com/j1217.php?url=","ext":{"flag":["qq","腾讯","qiyi","爱奇艺","奇艺","youku","优酷","mgtv","芒果","乐视","letv","PPTV","pptv","bilibili","哔哩哔哩","哔哩"]}},
{"name":"欢雨","type":1,"url":"http://www.youhuifuligou.com/json/?id=7&url=","ext":{"flag":["qq","腾讯","qiyi","爱奇艺","奇艺","youku","优酷","letv","乐视","xigua","西瓜"]}},
{"name":"hfyrw","type":1,"url":"https://json.hfyrw.com/mao.go?url=","ext":{"flag":["ltnb","renrenmi"]}},
{"name":"aiaine02","type":1,"url":"https://vip.aiaine.com/api/?key=8FN8gNAySnvJiMllxZ&url=","ext":{"flag":["ltnb","renrenmi","xfyun","miaoparty","miaoparty2","miaoparty3","longteng","xueren"]}},
{"name":"五一解析","type":1,"url":"https://json.5lp.net/json.php?url=","ext":{"flag":["ltnb","renrenmi","rx","rongxing"]}},
{"name":"RongXingVR","type":1,"url":"https://vip.rongxingvr.top/api/?key=JJEZkZIhzkA4cUtBfR&url=","ext":{"flag":["renrenmi","rx","rongxing","mgtv","芒果","bilibili","哔哩哔哩","哔哩"]}},
{"name":"jx165","type":1,"url":"https://ltjx.kuaixiao.vip/home/api?type=ys&uid=506916&key=dlmpwBHIKLMPQRVW23&url=","ext":{"flag":["ltnb"]}},
{"name":"J13","type":1,"url":"https://languangyingshiziyuan.1080zy.top/longtengzy.php/?url=","ext":{"flag":["ltnb"]}},
{"name":"xfyun云","type":1,"url":"https://vip.xfyun.one/home/api?type=ys&uid=2581923&key=ceijpquvBMOSUVXZ23&url=","ext":{"flag":["xfyun"]}},
{"name":"Wuduzy","type":1,"url":"https://aa.xkys.tv/json.php?url=","ext":{"flag":["wuduzy"]}},
{"name":"LTRX","type":1,"url":"https://svip.spchat.top/api/?type=ys&key=bKemW41JnxmQb4l67h&url=","ext":{"flag":["rx"]}},
{"name":"喵派对资源3","type":1,"url":"https://vip.aiaine.com/api/?key=fOWaGgFU45zlIjvbHI&url=","ext":{"flag":["ltnb","renrenmi"]}},
{"name":"喵派对资源2","type":1,"url":"https://svip.iremind.me/api/?key=A5Db8HF8c8FSIOR6R1&url=","ext":{"flag":["renrenmi","qq","腾讯","qiyi","爱奇艺","奇艺","youku","优酷","mgtv","芒果","bilibili","哔哩哔哩","哔哩","sohu"]}},
{"name":"leduotv","type":1,"url":"https://api.leduotv.com/wp-api/getvodurl.php?vid=","ext":{"flag":["leduo"]}},
{"name":"OJBK","type":0,"url":"https://jmwl.qd234.cn/v/?v=","ext":{"flag":["ltnb","renrenmi","rx","xfyun","muxm3u8","xigua","xueren","qq","腾讯","qiyi","爱奇艺","奇艺","youku","优酷","mgtv","芒果","bilibili","哔哩哔哩","哔哩","pptv","PPTV","sohu","letv"]}},
{"name":"M117","type":0,"url":"http://1.117.152.239:39000/?url="},
{"name":"zui","type":0,"url":"https://jx.zui.cm/?url=","ext":{"flag":["ltnb"]}},
{"name":"xuerenweb","type":0,"url":"https://s.2tu.uk/?url=","ext":{"flag":["xueren"]}},
{"name":"xuerenweb2","type":0,"url":"https://xrm3u8.qd234.cn/?url=","ext":{"flag":["xueren"]}},
{"name":"美剧虫","type":0,"url":"https://jx.daiguaji.com/?url=","ext":{"flag":["zijian"]}},
{"name":"miao","type":0,"url":"https://jx.58g8.com/1/?url=","ext":{"flag":["miaoparty"]}},
{"name":"web1","type":0,"url":"https://www.nxflv.com/?url=","ext":{"flag":["youku","优酷","mgtv","芒果","qq","腾讯","qiyi","爱奇艺","qq","奇艺","sohu","letv"]}},
{"name":"万能解析","type":0,"url":"https://vip.legendwhb.cn/m3u8.php?url=","ext":{"flag":["ltnb","renrenmi","qq","腾讯","qiyi","爱奇艺","奇艺","youku","优酷","mgtv","芒果","bilibili","哔哩哔哩","哔哩"]}},
{"name":"ltnb04","type":0,"url":"https://vip.bljiex.com/?v=","ext":{"flag":["ltnb"]}},
{"name":"ltnb02","type":0,"url":"https://jx.zui.cm/?url=","ext":{"flag":["ltnb"]}},
{"name":"CL4K01","type":0,"url":"https://ys.ling00.cn/CL4K/?url=","ext":{"flag":["CL4K","qq","腾讯"]}},
{"name":"77","type": 1,"url": "http://106.55.234.91:4433/?url="},
{"name":"293视频","type":1,"url": "http://81.71.48.249:4456/jsonc/293shipin.php?url="},
{"name":"龙虾","type":1,"url":"http://81.71.48.249:4456/jsonc/longxia.php?url="}
],
"lives": [
{
"group": "redirect",
"channels": [
{
"name": "redirect",
"urls": [
//"proxy://do=live&type=txt&ext=aHR0cDovLzl4aTRvLnRrL3N1Yi9teXR2LnR4dA=="
"proxy://do=live&type=txt&ext=aHR0cHM6Ly9naXRlYS5jb20vbGl1Y24vYm94L3Jhdy9icmFuY2gvbWFpbi9saXZlL20yLnR4dA=="
]}]}],
"flags":["youku","qq","iqiyi","qiyi","letv","sohu","tudou","pptv","mgtv","wasu","bilibili","renrenmi"],
"ijk":[
{"group":"软解码","options":[
{"category":4,"name":"opensles","value":"0"},
{"category":4,"name":"overlay-format","value":"842225234"},
{"category":4,"name":"framedrop","value":"1"},
{"category":4,"name":"soundtouch","value":"1"},
{"category":4,"name":"start-on-prepared","value":"1"},
{"category":1,"name":"http-detect-range-support","value":"0"},
{"category":1,"name":"fflags","value":"fastseek"},
{"category":2,"name":"skip_loop_filter","value":"48"},
{"category":4,"name":"reconnect","value":"1"},
{"category":4,"name":"enable-accurate-seek","value":"0"},
{"category":4,"name":"mediacodec","value":"0"},
{"category":4,"name":"mediacodec-auto-rotate","value":"0"},
{"category":4,"name":"mediacodec-handle-resolution-change","value":"0"},
{"category":4,"name":"mediacodec-hevc","value":"0"},
{"category":1,"name":"dns_cache_timeout","value":"600000000"}]},
{"group":"硬解码","options":[
{"category":4,"name":"opensles","value":"0"},
{"category":4,"name":"overlay-format","value":"842225234"},
{"category":4,"name":"framedrop","value":"1"},
{"category":4,"name":"soundtouch","value":"1"},
{"category":4,"name":"start-on-prepared","value":"1"},
{"category":1,"name":"http-detect-range-support","value":"0"},
{"category":1,"name":"fflags","value":"fastseek"},
{"category":2,"name":"skip_loop_filter","value":"48"},
{"category":4,"name":"reconnect","value":"1"},
{"category":4,"name":"enable-accurate-seek","value":"0"},
{"category":4,"name":"mediacodec","value":"1"},
{"category":4,"name":"mediacodec-auto-rotate","value":"1"},
{"category":4,"name":"mediacodec-handle-resolution-change","value":"1"},
{"category":4,"name":"mediacodec-hevc","value":"1"},
{"category":1,"name":"dns_cache_timeout","value":"600000000"}]}],
"ads":["mimg.0c1q0l.cn","www.googletagmanager.com","www.google-analytics.com","mc.usihnbcq.cn",
"mg.g1mm3d.cn","mscs.svaeuzh.cn","cnzz.hhttm.top","tp.vinuxhome.com","cnzz.mmstat.com",
"www.baihuillq.com","s23.cnzz.com","z3.cnzz.com","c.cnzz.com","stj.v1vo.top","z12.cnzz.com",
"img.mosflower.cn","tips.gamevvip.com","ehwe.yhdtns.com","xdn.cqqc3.com","www.jixunkyy.cn",
"sp.chemacid.cn","hm.baidu.com","s9.cnzz.com","z6.cnzz.com","um.cavuc.com","mav.mavuz.com",
"wofwk.aoidf3.com","z5.cnzz.com","xc.hubeijieshikj.cn","tj.tianwenhu.com","xg.gars57.cn","k.jinxiuzhilv.com",
"cdn.bootcss.com","ppl.xunzhuo123.com","xomk.jiangjunmh.top","img.xunzhuo123.com",
"z1.cnzz.com","s13.cnzz.com","xg.huataisangao.cn","z7.cnzz.com","xg.huataisangao.cn",
"z2.cnzz.com","s96.cnzz.com","q11.cnzz.com","thy.dacedsfa.cn","xg.whsbpw.cn","s19.cnzz.com",
"z8.cnzz.com","s4.cnzz.com","f5w.as12df.top","ae01.alicdn.com","www.92424.cn",
"k.wudejia.com","vivovip.mmszxc.top","qiu.xixiqiu.com","cdnjs.hnfenxun.com","cms.qdwght.com"]
}
