{
  "name": "小熊影视",//http://www.xxys520.com
  "url": "http://www.xxys520.com",  //https://www.itihi.com/
  "User": "空",
  "shouye": "1",
  "fenlei": "最新电影$/vodshow/1-----------2022/page/#最新国产剧$/vodshow/2-----------2022/page/#港台剧$/vodtype/14-#日韩剧$/vodtype/15-#欧美剧$/vodtype/16-#泰国剧$/vodtype/29-#其他剧$/vodtype/27-#动漫$/vodtype/3-#综艺$/vodtype/4-#纪录片$/vodtype/5-",
  "houzhui": ".html",
  "shifouercijiequ": "0",
  "jiequqian": "空",
  "jiequhou": "空",
  "jiequshuzuqian": "class=\"module-item-pic\"",
  "jiequshuzuhou": "</div>",
  "tupianqian": "src=\"",
  "tupianhou": "\"",
  "biaotiqian": "title=\"",
  "biaotihou": "\"",
  "lianjieqian": "href=\"",
  "lianjiehou": "\"",
  "sousuoqian": "/index.php/ajax/suggest?mid=1&wd=",
  "sousuohou": "&limit=500",
  "sousuohouzhui": "/voddetail/",
  "ssmoshi": "0",
  "sousuoshifouercijiequ": "0",
  "jspic": "pic",
  "jsname": "name",
  "jsid": "id",
  "ssjiequqian": "空",
  "ssjiequhou": "空",
  "ssjiequshuzuqian": "空",
  "ssjiequshuzuhou": "空",
  "sstupianqian": "空",
  "sstupianhou": "空",
  "ssbiaotiqian": "空",
  "ssbiaotihou": "空",
  "sslianjieqian": "空",
  "sslianjiehou": "空",
  "bfshifouercijiequ": "0",
  "bfjiequqian": "空",
  "bfjiequhou": "空",
  "bfjiequshuzuqian": "class=\"scroll-content",
  "bfjiequshuzuhou": "</div>",
  "zhuangtaiqian": "集数：</span>",
  "zhuangtaihou": "</div>",
  "daoyanqian": "target=\"_blank\">",
  "daoyanhou": "</a>",
  "zhuyanqian": "主演：</span>",
  "zhuyanhou": "<span class=\"slash\">",
  "juqingqian": "class=\"video-info-item video-info-content vod_content\"",
  "juqinghou": "</span>",
  "bfyshifouercijiequ": "0",
  "bfyjiequqian": "空",
  "bfyjiequhou": "空",
  "bfyjiequshuzuqian": "<a",
  "bfyjiequshuzuhou": "/a>",
  "bfbiaotiqian": "<span>",
  "bfbiaotihou": "</span>",
  "bflianjieqian": "href=\"",
  "bflianjiehou": "\""
}
