{
  "author": "220805",
  "name": "真不卡影院",
  //"url": "https://www.zhenbuka5.com",
  "url": "http://www.zbkyy.com",
  "tihuan": "cnzz.com",
  "User": "空",
  "shouye": "1",
   "fenlei": "电影$/vodshow/1--------#电视剧$/vodshow/2--------#综艺$/vodshow/3--------#动漫$/vodshow/4--------#国产剧$/vodshow/12--------#欧美剧$/vodshow/17--------#国漫$/vodshow/4-中国大陆-------#日漫$/vodshow/4-日本-------#午夜剧场$/vodshow/20--------",
   //"fenlei": "电影$/vodshow/1--------#电视剧$/vodshow/2--------#综艺$/vodshow/3--------#动漫$/vodshow/4--------#国漫$/vodshow/4-中国大陆-------#日漫$/vodshow/4-日本-------#理伦$/vodshow/20--------#动作$/vodshow/5--------#喜剧$/vodshow/6--------#爱情$/vodshow/7--------#科幻$/vodshow/8--------#恐怖$/vodshow/9--------#剧情$/vodshow/10--------#战争$/vodshow/11--------#纪录片$/vodshow/22--------#国产剧$/vodshow/12--------#港剧$/vodshow/13--------#台剧$/vodshow/14--------#日剧$/vodshow/15--------#韩剧$/vodshow/16--------#美剧$/vodshow/17--------#海外剧$/vodshow/18--------",
  "houzhui": "---/",
  "shifouercijiequ": "0",
  "jiequqian": "空",
  "jiequhou": "空",
  "jiequshuzuqian": "class=\"stui-vodlist__box",
  "jiequshuzuhou": "</span>",
  "tupianqian": "original=\"",
  "tupianhou": "\"",
  "biaotiqian": "title=\"",
  "biaotihou": "\"",
  "lianjieqian": "href=\"",
  "lianjiehou": "\"",
  "sousuoqian": "/index.php/ajax/suggest?mid=1&wd=",
  "sousuohou": "&limit=50",
  "sousuohouzhui": "/voddetail/",
  "ssmoshi": "0",
  "sousuoshifouercijiequ": "0",
  "jspic": "pic",
  "jsname": "name",
  "jsid": "id",
  "ssjiequqian": "空",
  "ssjiequhou": "空",
  "ssjiequshuzuqian": "空",
  "ssjiequshuzuhou": "空",
  "sstupianqian": "空",
  "sstupianhou": "空",
  "ssbiaotiqian": "空",
  "ssbiaotihou": "空",
  "sslianjieqian": "空",
  "sslianjiehou": "空",
  "bfshifouercijiequ": "1",
  "bfjiequqian": "class=\"stui-pannel-box",
  "bfjiequhou": "class=\"stui-pannel-box\"",
  "bfjiequshuzuqian": "<ul class=\"stui-content__playlist",
  "bfjiequshuzuhou": "</ul>",
  "zhuangtaiqian": "更新：</span>",
  "zhuangtaihou": "</p>",
  "daoyanqian": "导演：</span>",
  "daoyanhou": "</p>",
  "zhuyanqian": "主演：</span>",
  "zhuyanhou": "</p>",
  "juqingqian": "简介：</span>",  
  "juqinghou": "</span>",
  "bfyshifouercijiequ": "0",
  "bfyjiequqian": "空",
  "bfyjiequhou": "空",
  "bfyjiequshuzuqian": "<a",
  "bfyjiequshuzuhou": "/a>",
  "bfbiaotiqian": ">",
  "bfbiaotihou": "<",
  "bflianjieqian": "href=\"",
  "bflianjiehou": "\""
}