{
//个人包
//"spider" : "https://gitee.com/CCSHCoder/APP/raw/master/custom_spider.jar",
//官方包
"spider" : "https://gitee.com/CCSHCoder/CatVodTVSpider/raw/master/jar/custom_spider.jar",
"sites" : [
{"name" : "爬虫"},
{"key" : "csp_Buka", "name" : "真不卡(爬虫:被封了，整改了)", "type" : 3, "api" : "csp_Buka", "searchable" : 0, "quickSearch" : 0, "filterable" : 1},
{"api":"csp_Kmys","key":"csp_Kmys","filterable":1,"name":"酷猫(爬:官方包，不含酷猫)","type":3},
{"api":"csp_Kunyu77","key":"csp_Kunyu77","filterable":1,"name":"77(爬:官方包，不含77)","type":3},
{"api":"csp_Enlienli","key":"csp_Enlienli","filterable":1,"name":"嗯哩嗯哩(爬)","type":3},
{"api":"csp_Cokemv","key":"csp_Cokemv","filterable":1,"name":"Cokemv(爬)","type":3},
{"api":"csp_Juhi","key":"csp_Juhi","filterable":1,"name":"剧嗨(爬)","type":3},
{"api":"csp_Auete","key":"csp_Auete","filterable":1,"name":"Auete(爬)","type":3},
{"api":"csp_N0ys","key":"csp_N0ys","filterable":1,"name":"90影视(爬)","type":3},
{"api":"csp_Nekk","key":"csp_Nekk","filterable":1,"name":"9亿看看(爬)","type":3},
{"name":"优质M"},
{"api":"csp_AppYsV2","ext":"https://tkys.tv/xgapp.php/v1/","key":"csp_appysv2_天空影视","filterable":1,"name":"天空影视(M)","type":3},
{"api":"csp_AppYsV2","ext":"https://www.tkys.tv/xgapp.php/v2/","key":"csp_appysv2_天空影视2","filterable":1,"name":"天空影视2(M)","type":3},

{"api":"csp_AppYsV2","ext":"https://dxys2233.com/mogai_api.php/v1.vod","key":"csp_大熊_大熊","filterable":1,"name":"大熊(大熊)","type":3},
{"api":"csp_AppYsV2","ext":"http://fkxs2233.com/mogai_api.php/v1.vod","key":"csp_大熊_流星","filterable":1,"name":"流星(大熊)","type":3},
{"api":"csp_AppYsV2","ext":"https://qnys5566.com/mogai_api.php/v1.vod","key":"csp_大熊_全能","filterable":1,"name":"全能(大熊)","type":3},
{"api":"csp_AppYsV2","ext":"https://szys5678.com/mogai_api.php/v1.vod","key":"csp_大熊_手指","filterable":1,"name":"手指(大熊)","type":3},
{"api":"csp_AppYsV2","ext":"https://xays6677.com/mogai_api.php/v1.vod","key":"csp_大熊_心爱","filterable":1,"name":"心爱(大熊)","type":3},
{"api":"csp_AppYsV2","ext":"https://zsb2233.com/mogai_api.php/v1.vod","key":"csp_大熊_雪梨","filterable":1,"name":"雪梨(大熊)","type":3},
{"api":"csp_AppYsV2","ext":"https://ytys3456.com/mogai_api.php/v1.vod","key":"csp_大熊_杨桃","filterable":1,"name":"杨桃(大熊)","type":3},

{"api":"csp_AppYsV2","ext":"https://300ys.xyz/api.php/v1.vod","key":"csp_优质_300看世界","filterable":1,"name":"300看世界(优质)","type":3},
{"api":"csp_AppYsV2","ext":"http://1api.4kdytv.com/api.php/v1.vod","key":"csp_优质_4K影院","filterable":1,"name":"4K影院(优质)","type":3},
{"api":"csp_AppYsV2","ext":"https://www.cjt521.com/api.php/v1.vod","key":"csp_优质_CJT影院","filterable":1,"name":"CJT影院(优质)","type":3},
{"api":"csp_AppYsV2","ext":"http://chaorenbb.com/api.php/v1.vod","key":"csp_优质_DC影视","filterable":1,"name":"DC影视(优质)","type":3},
{"api":"csp_AppYsV2","ext":"http://hgyx.vip/api.php/v1.vod","key":"csp_优质_HG影视","filterable":1,"name":"HG影视(优质)","type":3},
{"api":"csp_AppYsV2","ext":"http://app.tvip.cc/api.php/v1.vod","key":"csp_优质_tvip","filterable":1,"name":"tvip(优质)","type":3},
{"api":"csp_AppYsV2","ext":"https://www.uumjw.com/api.php/v1.vod","key":"csp_优质_爱看美剧","filterable":1,"name":"爱看美剧(优质)","type":3},
{"api":"csp_AppYsV2","ext":"https://www.zhanlangbu.com/ruifenglb_api.php/v1.vod","key":"csp_优质_爱酷影视","filterable":1,"name":"爱酷影视(优质)","type":3},
{"api":"csp_AppYsV2","ext":"http://zgjxdtg.cn/api.php/v1.vod","key":"csp_优质_白嫖影视","filterable":1,"name":"白嫖影视(优质)","type":3},
{"api":"csp_AppYsV2","ext":"https://www.18mv.club/api.php/v1.vod","key":"csp_优质_初心影视","filterable":1,"name":"初心影视(优质)","type":3},
{"api":"csp_AppYsV2","ext":"http://35ys.cc/api.php/v1.vod","key":"csp_优质_独播社","filterable":1,"name":"独播社(优质)","type":3},
{"api":"csp_AppYsV2","ext":"https://tv.0573wl.com/api.php/v1.vod","key":"csp_优质_叮当影视","filterable":1,"name":"叮当影视(优质)","type":3},
{"api":"csp_AppYsV2","ext":"http://121.204.249.135:4433/ruifenglb_api.php/v1.vod","key":"csp_优质_段友影视","filterable":1,"name":"段友影视(优质)","type":3},
{"api":"csp_AppYsV2","ext":"https://shangjihuoke.com/api.php/tv.vod","key":"csp_优质_段友影视2","filterable":1,"name":"段友影视(优质)2","type":3},
{"api":"csp_AppYsV2","ext":"https://www.fj6080.com/api.php/v1.vod","key":"csp_优质_飞捷影视","filterable":1,"name":"飞捷影视(优质)","type":3},
{"api":"csp_AppYsV2","ext":"http://42.157.129.15:34444/lvdou_api.php/v1.vod","key":"csp_优质_粉象视界","filterable":1,"name":"粉象视界(优质)","type":3},
{"api":"csp_AppYsV2","ext":"http://vv.humaoweb.com/mogai_api.php/gctvapi.vod","key":"csp_优质_虎猫视频","filterable":1,"name":"虎猫视频(优质)","type":3},
{"api":"csp_AppYsV2","ext":"http://yidayy.top/lehailb_api.php/v1.vod","key":"csp_优质_飓风影院","filterable":1,"name":"飓风影院(优质)","type":3},
{"api":"csp_AppYsV2","ext":"http://kk.ccboke.top/ruifenglb_api.php/v1.vod","key":"csp_优质_看看影视","filterable":1,"name":"看看影视(优质)","type":3},
{"api":"csp_AppYsV2","ext":"http://www.69ty.cc/mogai_api.php/v1.vod","key":"csp_优质_绿箭影视","filterable":1,"name":"绿箭影视(优质)","type":3},
{"api":"csp_AppYsV2","ext":"https://ys.ling00.cn/api.php/v1.vod","key":"csp_优质_零刻影院","filterable":1,"name":"零刻影院(优质)","type":3},
{"api":"csp_AppYsV2","ext":"http://fgyuu.top/lehailb_api.php/v1.vod","key":"csp_优质_琅琊影视","filterable":1,"name":"琅琊影视(优质)","type":3},
{"api":"csp_AppYsV2","ext":"http://app.f8tp.com/lvdou_api.php/v1.vod","key":"csp_优质_蜜蜂影视","filterable":1,"name":"蜜蜂影视(优质)","type":3},
{"api":"csp_AppYsV2","ext":"http://aliyun.k8aa.com/mogai_api.php/v1.vod","key":"csp_优质_麻瓜视频","filterable":1,"name":"麻瓜视频(优质)","type":3},
{"api":"csp_AppYsV2","ext":"https://meijuchong.com/api.php/v1.vod","key":"csp_优质_美剧虫","filterable":1,"name":"美剧虫(优质)","type":3},
{"api":"csp_AppYsV2","ext":"https://app.netflixmi.com/api.php/v1.vod","key":"csp_优质_奈非迷","filterable":1,"name":"奈非迷(优质)","type":3},
{"api":"csp_AppYsV2","ext":"http://iapp.nfuxs.club/dnmb.php/v1.vod","key":"csp_优质_南府影视","filterable":1,"name":"南府影视(优质)","type":3},
{"api":"csp_AppYsV2","ext":"https://app.bl210.com/api.php/v1.vod","key":"csp_优质_暖光影视","filterable":1,"name":"暖光影视(优质)","type":3},
{"api":"csp_AppYsV2","ext":"http://150.158.133.36:9904/qingdoujiekou.php/v1.vod","key":"csp_优质_青视频","filterable":1,"name":"青视频(优质)","type":3},
{"api":"csp_AppYsV2","ext":"http://tcspvip.cn/mogai_api.php/v1.vod","key":"csp_优质_天诚影视","filterable":1,"name":"天诚影视(优质)","type":3},
{"api":"csp_AppYsV2","ext":"https://app.daishusc.com/api.php/v1.vod","key":"csp_优质_天天影视","filterable":1,"name":"天天影视(优质)","type":3},
{"api":"csp_AppYsV2","ext":"https://zy.qd234.cn/mogai_api.php/v1.vod","key":"csp_优质_雪人影视","filterable":1,"name":"雪人影视(优质)","type":3},
{"api":"csp_AppYsV2","ext":"http://luobu.yss6080.com/mogai_api.php/v1.vod","key":"csp_优质_益达影院","filterable":1,"name":"益达影院(优质)","type":3},
{"api":"csp_AppYsV2","ext":"https://app.okmedcos.com/api.php/v1.vod","key":"csp_优质_影视大全","filterable":1,"name":"影视大全(优质)","type":3},
{"api":"csp_AppYsV2","ext":"http://www.ysdr.vip/api.php/v1.vod","key":"csp_优质_影视达人","filterable":1,"name":"影视达人(优质)","type":3},
{"api":"csp_AppYsV2","ext":"http://app.ysys.asia/lvdou_api.php/v1.vod","key":"csp_优质_优视影视","filterable":1,"name":"优视影视(优质)","type":3},
{"api":"csp_AppYsV2","ext":"http://221.236.18.12:665/api.php/v1.vod","key":"csp_优质_影阅阁","filterable":1,"name":"影阅阁(优质)","type":3},
{"api":"csp_AppYsV2","ext":"http://zhuiju8.vip/api.php/v1.vod","key":"csp_优质_追剧吧","filterable":1,"name":"追剧吧(优质)","type":3},
{"name" : "XPath"},
{"key" : "csp_xpath_94sm", "name" : "94神马(XPath)", "type" : 3, "api" : "csp_XPath", "searchable" : 1, "quickSearch" : 1, "filterable" : 0, "ext" : "https://gitee.com/CCSHCoder/APP/raw/master/XPath/94sm.json"},
{"key" : "csp_xpath_jpys", "name" : "极品影视(XPath)", "type" : 3, "api" : "csp_XPath", "searchable" : 1, "quickSearch" : 1, "filterable" : 0, "ext" : "https://gitee.com/CCSHCoder/APP/raw/master/XPath/jpys.json"},
{"key" : "csp_xpath_age", "name" : "AGE动漫(XPath)", "type" : 3, "api" : "csp_XPath", "searchable" : 1, "quickSearch" : 1, "filterable" : 0, "ext" : "https://gitee.com/CCSHCoder/APP/raw/master/XPath/agefans.json"},
{"key" : "csp_xpath_dm84", "name" : "动漫巴士(XPath)", "type" : 3, "api" : "csp_XPath", "searchable" : 1, "quickSearch" : 1, "filterable" : 0, "ext" : "https://gitee.com/CCSHCoder/APP/raw/master/XPath/dm84.json"},
{"key" : "csp_xpath_egg", "name" : "蛋蛋影院(XPath)", "type" : 3, "api" : "csp_XPathEgg", "searchable" : 1, "quickSearch" : 1, "filterable" : 0, "ext" : "hhttps://gitee.com/CCSHCoder/APP/raw/master/XPath/egg.json"},
{"key" : "csp_xpath_nfmov", "name" : "奈菲(XPath)", "type" : 3, "api" : "csp_XPathNfMov", "searchable" : 1, "quickSearch" : 1, "filterable" : 0, "ext" : "https://gitee.com/CCSHCoder/APP/raw/master/XPath/nfmovie.json"},
{"key" : "csp_xpath_tvci", "name" : "大师兄(XPath)", "type" : 3, "api" : "csp_XPathFilter", "searchable" : 1, "quickSearch" : 1, "filterable" : 1, "ext" : "https://gitee.com/CCSHCoder/APP/raw/master/XPath/tvci.json"},
{"key" : "csp_xpath_cjt", "name" : "CJT影视(XPath)", "type" : 3, "api" : "csp_XPathMac", "searchable" : 1, "quickSearch" : 1, "filterable" : 0, "ext" : "https://gitee.com/CCSHCoder/APP/raw/master/XPath/cjtys.json"},
{"key" : "csp_xpath_Jumi", "name" : "剧迷(XPath)", "type" : 3, "api" : "csp_XPathMac", "searchable" : 1, "quickSearch" : 1, "filterable" : 0, "ext" : "https://gitee.com/CCSHCoder/APP/raw/master/XPath/jumi.json"},
{"key" : "csp_xpath_duboku", "name" : "独播库(XPath)", "type" : 3, "api" : "csp_XPathMac", "searchable" : 1, "quickSearch" : 1, "filterable" : 0, "ext" : "https://gitee.com/CCSHCoder/APP/raw/master/XPath/duboku.json"},
{"key" : "csp_xpath_555", "name" : "555电影(XPath)", "type" : 3, "api" : "csp_XPathMac", "searchable" : 1, "quickSearch" : 1, "filterable" : 0, "ext" : "https://gitee.com/CCSHCoder/APP/raw/master/XPath/555.json"},
{"key" : "csp_xpath_sky4k", "name" : "天空4K(XPath)", "type" : 3, "api" : "csp_XPathMac", "searchable" : 1, "quickSearch" : 1, "filterable" : 0, "ext" : "https://gitee.com/CCSHCoder/APP/raw/master/XPath/sky4k.json"},
{"key" : "csp_xpath_4kyu", "name" : "一只鱼4K(XPath)", "type" : 3, "api" : "csp_XPathMac", "searchable" : 1, "quickSearch" : 1, "filterable" : 0, "ext" : "https://gitee.com/CCSHCoder/APP/raw/master/XPath/4kyu.json"},
{"key" : "csp_xpath_pianba", "name" : "片吧(XPath)", "type" : 3, "api" : "csp_XPathMac", "searchable" : 1, "quickSearch" : 1, "filterable" : 0, "ext" : "https://gitee.com/CCSHCoder/APP/raw/master/XPath/pianba.json"},
{"key" : "csp_xpath_gimytv", "name" : "Gimy(XPath)", "type" : 3, "api" : "csp_XPathMac", "searchable" : 1, "quickSearch" : 1, "filterable" : 0, "ext" : "https://gitee.com/CCSHCoder/APP/raw/master/XPath/gimytv.json"},
{"key" : "csp_xpath_miniku", "name" : "迷你库(XPath)", "type" : 3, "api" : "csp_XPathMac", "searchable" : 1, "quickSearch" : 1, "filterable" : 0, "ext" : "https://gitee.com/CCSHCoder/APP/raw/master/XPath/miniku.json"},
{"key" : "csp_xpath_axx", "name" : "爱西西(XPath)", "type" : 3, "api" : "csp_XPath", "searchable" : 1, "quickSearch" : 1, "filterable" : 0, "ext" : "https://gitee.com/CCSHCoder/APP/raw/master/XPath/aixixi.json"},
{"key" : "csp_xpath_yinghuacd", "name" : "樱花动漫(XPath)", "type" : 3, "api" : "csp_XPath", "searchable" : 1, "quickSearch" : 1, "filterable" : 0, "ext" : "https://gitee.com/CCSHCoder/APP/raw/master/XPath/yinghuacd.json"},
{"key" : "csp_xpath_lezhutv", "name" : "乐猪TV(XPath)", "type" : 3, "api" : "csp_XPathMac", "searchable" : 1, "quickSearch" : 1, "filterable" : 0, "ext" : "https://gitee.com/CCSHCoder/APP/raw/master/XPath/lezhutv.json"},
{"key" : "csp_xpath_onedianshi", "name" : "蓝光影院(XPath)", "type" : 3, "api" : "csp_XPathMac", "searchable" : 1, "quickSearch" : 1, "filterable" : 0, "ext" : "https://gitee.com/CCSHCoder/APP/raw/master/XPath/onedianshi.json"},
{"key" : "csp_xpath_newfii", "name" : "奈落(XPath)", "type" : 3, "api" : "csp_XPath", "searchable" : 1, "quickSearch" : 1, "filterable" : 0, "ext" : "https://gitee.com/CCSHCoder/APP/raw/master/XPath/newfii.json"},
{"key" : "csp_xpath_fantuan", "name" : "饭团影院(XPath)", "type" : 3, "api" : "csp_XPath", "searchable" : 1, "quickSearch" : 1, "filterable" : 0, "ext" : "https://gitee.com/CCSHCoder/APP/raw/master/XPath/fantuan.json"},
{"key" : "csp_xpath_zjdr", "name" : "追剧达人(XPath)", "type" : 3, "api" : "csp_XPath", "searchable" : 1, "quickSearch" : 1, "filterable" : 0, "ext" : "https://gitee.com/CCSHCoder/APP/raw/master/XPath/vipmv.json"},
{"key" : "csp_xpath_lranc", "name" : "天天(XPath)", "type" : 3, "api" : "csp_XPath", "searchable" : 1, "quickSearch" : 1, "filterable" : 0, "ext" : "https://gitee.com/CCSHCoder/APP/raw/master/XPath/lranc.json"},
{"key" : "csp_xpath_pianku", "name" : "片库(XPath)", "type" : 3, "api" : "csp_XPath", "searchable" : 1, "quickSearch" : 1, "filterable" : 0, "ext" : "https://gitee.com/CCSHCoder/APP/raw/master/XPath/pianku.json"},
{"key" : "csp_xpath_dd520", "name" : "多多(XPath)", "type" : 3, "api" : "csp_XPath", "searchable" : 1, "quickSearch" : 1, "filterable" : 0, "ext" : "https://gitee.com/CCSHCoder/APP/raw/master/XPath/dd520.json"},
{"key" : "csp_xpath_xkys", "name" : "星空(XPath)", "type" : 3, "api" : "csp_XPathMac", "searchable" : 1, "quickSearch" : 1, "filterable" : 0, "ext" : "https://gitee.com/CCSHCoder/APP/raw/master/XPath/xkys.json"},
{"key" : "csp_xpath_1010dy", "name" : "双十电影(XPath)", "type" : 3, "api" : "csp_XPathMac", "searchable" : 1, "quickSearch" : 1, "filterable" : 0, "ext" : "https://gitee.com/CCSHCoder/APP/raw/master/XPath/1010dy.json"},
{"key" : "csp_xpath_cctv68", "name" : "狐狸(XPath)", "type" : 3, "api" : "csp_XPathMac", "searchable" : 1, "quickSearch" : 1, "filterable" : 0, "ext" : "https://gitee.com/CCSHCoder/APP/raw/master/XPath/cctv68.json"},
{"key" : "csp_xpath_smdyy", "name" : "神马电影(XPath)", "type" : 3, "api" : "csp_XPathMac", "searchable" : 1, "quickSearch" : 1, "filterable" : 0, "ext" : "https://gitee.com/CCSHCoder/APP/raw/master/XPath/smdyy.json"},
{"key" : "csp_xpath_waipian2", "name" : "歪片星球(XPath)", "type" : 3, "api" : "csp_XPathMac", "searchable" : 1, "quickSearch" : 1, "filterable" : 0, "ext" : "https://gitee.com/CCSHCoder/APP/raw/master/XPath/waipian2.json"},
{"key" : "csp_xpath_ meiju56", "name" : "美剧网(XPath)", "type" : 3, "api" : "csp_XPathMac", "searchable" : 1, "quickSearch" : 1, "filterable" : 0, "ext" : "https://gitee.com/CCSHCoder/APP/raw/master/XPath/meiju56.json"},
{"key" : "csp_xpath_ rrvipw", "name" : "人人(XPath)", "type" : 3, "api" : "csp_XPathMac", "searchable" : 1, "quickSearch" : 1, "filterable" : 0, "ext" : "https://gitee.com/CCSHCoder/APP/raw/master/XPath/rrvipw.json"},
{"name":"M"},
{"api":"csp_AppYsV2","ext":"https://appys.jdodo.xyz/mogai_api.php/v1.vod","key":"csp_普通_JDODO","filterable":1,"name":"JDODO(普通)","type":3},
{"api":"csp_AppYsV2","ext":"https://appx.uy07.com/api.php/v1.vod","key":"csp_普通_U5影视","filterable":1,"name":"U5影视(普通)","type":3},
{"api":"csp_AppYsV2","ext":"http://aliys.cn:90/api.php/v1.vod","key":"csp_普通_阿里影视","filterable":1,"name":"阿里影视(普通)","type":3},
{"api":"csp_AppYsV2","ext":"https://www.aitee.cc/api.php/v1.vod","key":"csp_普通_艾特影视","filterable":1,"name":"艾特影视(普通)","type":3},
{"api":"csp_AppYsV2","ext":"https://www.hzlff.cn/api.php/v1.vod","key":"csp_普通_爱影视","filterable":1,"name":"爱影视(普通)","type":3},
{"api":"csp_AppYsV2","ext":"http://ys.58g8.com/lvdou_api.php/v1.vod","key":"csp_普通_百淘影视","filterable":1,"name":"百淘影视(普通)","type":3},
{"api":"csp_AppYsV2","ext":"http://0hzy.cn:9990/mogai_api.php/v1.vod","key":"csp_普通_比邻影视","filterable":1,"name":"比邻影视(普通)","type":3},
{"api":"csp_AppYsV2","ext":"http://vip.davdy.com/ruifenglb_api.php/v1.vod","key":"csp_普通_大威电影","filterable":1,"name":"大威电影(普通)","type":3},
{"api":"csp_AppYsV2","ext":"http://douzhayss.cc/api.php/v1.vod","key":"csp_普通_豆渣影视","filterable":1,"name":"豆渣影视(普通)","type":3},
{"api":"csp_AppYsV2","ext":"https://vip.shenyunwl.cn/mogai_api.php/v1.vod","key":"csp_普通_寒枫视频","filterable":1,"name":"寒枫视频(普通)","type":3},
{"api":"csp_AppYsV2","ext":"http://i.ledu8.cn/api.php/v1.vod","key":"csp_普通_黄河影视","filterable":1,"name":"黄河影视(普通)","type":3},
{"api":"csp_AppYsV2","ext":"https://hantv.top/api.php/v1.vod","key":"csp_普通_晗先森","filterable":1,"name":"晗先森(普通)","type":3},
{"api":"csp_AppYsV2","ext":"https://tv.jindcloud.com/api.php/v1.vod","key":"csp_普通_筋斗云","filterable":1,"name":"筋斗云(普通)","type":3},
{"api":"csp_AppYsV2","ext":"https://app.jhystv.com/mogai_api.php/v1.vod","key":"csp_普通_聚合视频","filterable":1,"name":"聚合视频(普通)","type":3},
{"api":"csp_AppYsV2","ext":"http://jz.juzidy.vip/mogai_api.php/v1.vod","key":"csp_普通_橘子影视","filterable":1,"name":"橘子影视(普通)","type":3},
{"api":"csp_AppYsV2","ext":"http://app.ishen520.com/api.php/v1.vod","key":"csp_普通_看剧吧","filterable":1,"name":"看剧吧(普通)","type":3},
{"api":"csp_AppYsV2","ext":"https://www.kankanju.cn/api.php/v1.vod","key":"csp_普通_看看剧","filterable":1,"name":"看看剧(普通)","type":3},
{"api":"csp_AppYsV2","ext":"http://888.ccboke.top/ruifenglb_api.php/v1.vod","key":"csp_普通_看看视频","filterable":1,"name":"看看视频(普通)","type":3},
{"api":"csp_AppYsV2","ext":"https://len.tv/api.php/v1.vod","key":"csp_普通_冷视TV","filterable":1,"name":"冷视TV(普通)","type":3},
{"api":"csp_AppYsV2","ext":"https://www.leyun.tv/api.php/v1.vod","key":"csp_普通_乐云影视","filterable":1,"name":"乐云影视(普通)","type":3},
{"api":"csp_AppYsV2","ext":"http://111.229.120.180:88/lvdou_api.php/v1.vod","key":"csp_普通_免费影视","filterable":1,"name":"免费影视(普通)","type":3},
{"api":"csp_AppYsV2","ext":"http://ttzmz.net/api.php/v1.vod","key":"csp_普通_美剧范","filterable":1,"name":"美剧范(普通)","type":3},
{"api":"csp_AppYsV2","ext":"https://renxingkan.net/api.php/v1.vod","key":"csp_普通_任性看","filterable":1,"name":"任性看(普通)","type":3},
{"api":"csp_AppYsV2","ext":"http://app.ruchu.cloud/api.php/v1.vod","key":"csp_普通_随风影视","filterable":1,"name":"随风影视(普通)","type":3},
{"api":"csp_AppYsV2","ext":"https://www.3ri.net/api.php/v1.vod","key":"csp_普通_三日影院","filterable":1,"name":"三日影院(普通)","type":3},
{"api":"csp_AppYsV2","ext":"https://app.shuhai99.com/api.php/v1.vod","key":"csp_普通_淘剧社","filterable":1,"name":"淘剧社(普通)","type":3},
{"api":"csp_AppYsV2","ext":"http://app.qianju.cc/api.php/v1.vod","key":"csp_普通_天天视频","filterable":1,"name":"天天视频(普通)","type":3},
{"api":"csp_AppYsV2","ext":"http://cj.huimaojia.com:12345/mogai_api.php/v1.vod","key":"csp_普通_兔子窝","filterable":1,"name":"兔子窝(普通)","type":3},
{"api":"csp_AppYsV2","ext":"https://www.genmov.com/mogai_api.php/v1.vod","key":"csp_普通_我爱跟剧","filterable":1,"name":"我爱跟剧(普通)","type":3},
{"api":"csp_AppYsV2","ext":"http://woniudm.woniu.cyou:20000/mogai_api.php/v1.vod","key":"csp_普通_蜗牛动漫","filterable":1,"name":"蜗牛动漫(普通)","type":3},
{"api":"csp_AppYsV2","ext":"http://dongman.k8aa.com/mogai_api.php/v1.vod","key":"csp_普通_熊猫动漫","filterable":1,"name":"熊猫动漫(普通)","type":3},
{"api":"csp_AppYsV2","ext":"http://anegh.com/lvdou_api.php/v1.vod","key":"csp_普通_熊猫视频","filterable":1,"name":"熊猫视频(普通)","type":3},
{"api":"csp_AppYsV2","ext":"http://xydm.baicai.buzz/mogai_api.php/v1.vod","key":"csp_普通_小鸟动漫","filterable":1,"name":"小鸟动漫(普通)","type":3},
{"api":"csp_AppYsV2","ext":"http://3ketv.com/mogai_api.php/v1.vod","key":"csp_普通_小蜻蜓","filterable":1,"name":"小蜻蜓(普通)","type":3},
{"api":"csp_AppYsV2","ext":"http://119.29.121.48:8088/api.php/v1.vod","key":"csp_普通_星球视频","filterable":1,"name":"星球视频(普通)","type":3},
{"api":"csp_AppYsV2","ext":"https://yue52.xyz/api.php/v1.vod","key":"csp_普通_月儿影视","filterable":1,"name":"月儿影视(普通)","type":3},
{"api":"csp_AppYsV2","ext":"https://xc.xixi2yy.xyz/mogai_api.php/v1.vod","key":"csp_普通_影视大全","filterable":1,"name":"影视大全(普通)","type":3},
{"api":"csp_AppYsV2","ext":"http://luobo.yugenye.site/api.php/v1.vod","key":"csp_普通_渔渔影视","filterable":1,"name":"渔渔影视(普通)","type":3},
{"api":"csp_AppYsV2","ext":"http://yz.26ys.cn/api.php/v1.vod","key":"csp_普通_柚子视频","filterable":1,"name":"柚子视频(普通)","type":3},
{"api":"csp_AppYsV2","ext":"http://tv.kmtvb.com/api.php/v1.vod","key":"csp_普通_追剧猫","filterable":1,"name":"追剧猫(普通)","type":3},
{"api":"csp_AppYsV2","ext":"http://phoebe.cf/api.php/iptv/vod/","key":"csp_神马_2号币","filterable":1,"name":"2号币(神马)","type":3},
{"api":"csp_AppYsV2","ext":"http://www.cccvvv.top/api.php/iptv/vod/","key":"csp_神马_CV影视","filterable":1,"name":"CV影视(神马)","type":3},
{"api":"csp_AppYsV2","ext":"http://api.hgyx.vip/api.php/iptv/vod/","key":"csp_神马_HG影视","filterable":1,"name":"HG影视(神马)","type":3},
{"api":"csp_AppYsV2","ext":"http://tv2.aixixi.vip/api.php/iptv/vod/","key":"csp_神马_爱西西TV","filterable":1,"name":"爱西西TV(神马)","type":3},
{"api":"csp_AppYsV2","ext":"http://tv.hyddys.top/api.php/iptv/vod/","key":"csp_神马_叮当TV","filterable":1,"name":"叮当TV(神马)","type":3},
{"api":"csp_AppYsV2","ext":"http://dsxtv.tv.ci/api.php/dsx/vod/","key":"csp_神马_大师兄","filterable":1,"name":"大师兄(神马)","type":3},
{"api":"csp_AppYsV2","ext":"http://cms.feifan12.xyz/api.php/iptv/vod/","key":"csp_神马_非凡影院","filterable":1,"name":"非凡影院(神马)","type":3},
{"api":"csp_AppYsV2","ext":"http://diancj.zhenfy.cn/api.php/Chengcheng/vod/","key":"csp_神马_飞扬TV","filterable":1,"name":"飞扬TV(神马)","type":3},
{"api":"csp_AppYsV2","ext":"http://tv.hfys8.vip/api.php/Sntv/vod/","key":"csp_神马_嘿荼锋","filterable":1,"name":"嘿荼锋(神马)","type":3},
{"api":"csp_AppYsV2","ext":"http://vip.ji-ding-he.site/api.php/iptv/vod/","key":"csp_神马_黑龙影视","filterable":1,"name":"黑龙影视(神马)","type":3},
{"api":"csp_AppYsV2","ext":"http://jpsb.yhzy.xyz/api.php/iptv/vod/","key":"csp_神马_极品影视","filterable":1,"name":"极品影视(神马)","type":3},
{"api":"csp_AppYsV2","ext":"http://293x.yhzy.xyz/mv/api.php/Chengcheng/vod/","key":"csp_神马_极品影院","filterable":1,"name":"极品影院(神马)","type":3},
{"api":"csp_AppYsV2","ext":"http://api.zjys.vip/api.php/iptv/vod/","key":"csp_神马_荔枝影视","filterable":1,"name":"荔枝影视(神马)","type":3},
{"api":"csp_AppYsV2","ext":"http://vv.miguotv.net/m/api.php/Chengcheng/vod/","key":"csp_神马_蜜果TV","filterable":1,"name":"蜜果TV(神马)","type":3},
{"api":"csp_AppYsV2","ext":"http://42.51.37.161:2346/api.php/iptv/vod/","key":"csp_神马_米来影视","filterable":1,"name":"米来影视(神马)","type":3},
{"api":"csp_AppYsV2","ext":"http://106.12.113.90:6565/api.php/iptv/vod/","key":"csp_神马_猫咪TV","filterable":1,"name":"猫咪TV(神马)","type":3},
{"api":"csp_AppYsV2","ext":"http://www.s6ep3.top/api.php/iptv/vod/","key":"csp_神马_米奇TV","filterable":1,"name":"米奇TV(神马)","type":3},
{"api":"csp_AppYsV2","ext":"http://dy6.dcd1.cn/api.php/iptv/vod/","key":"csp_神马_山楂影视","filterable":1,"name":"山楂影视(神马)","type":3},
{"api":"csp_AppYsV2","ext":"http://tv.tkys.tv/api.php/iptv/vod/","key":"csp_神马_天空TV","filterable":1,"name":"天空TV(神马)","type":3},
{"api":"csp_AppYsV2","ext":"http://tv.cmt8.xyz/api.php/iptv/vod/","key":"csp_神马_虾皮视频","filterable":1,"name":"虾皮视频(神马)","type":3},
{"api":"csp_AppYsV2","ext":"http://tv2.hetaoys.vip/api.php/iptv/vod/","key":"csp_神马_小熊猫TV","filterable":1,"name":"小熊猫TV(神马)","type":3},
{"api":"csp_AppYsV2","ext":"http://216.98.10.85/api.php/iptv/vod/","key":"csp_神马_影视阁","filterable":1,"name":"影视阁(神马)","type":3}
],
"lives":[
{"group":"redirect",
"channels":[
{"name":"直播","urls":["proxy://do=live&type=txt&ext=aHR0cHM6Ly9naXRlZS5jb20vQ0NTSENvZGVyL0FQUC9yYXcvbWFzdGVyL2xpdmUudHh0"]}
]}],
"parses" : [
{"name" : "Json并发", "type" : 2, "url" : "Parallel"},
{"name" : "Json轮询", "type" : 2, "url" : "Sequence"},
{"name" : "parwix解析", "url" : "https://jx.parwix.com:4433/player/?url="},
{"name" : "默认", "url" : "https://api.jhdyw.vip/?url="},
{"name" : "80tv", "url" : "https://1.api.80tvs.cn/?url="},
{"name" : "2A资源", "url" : "https://www.2ajx.com/vip.php?url="},
{"name" : "BL解析", "url" : "https://vip.bljiex.com/?v="},
{"name" : "久看解析", "url" : "https://9kjx.com/?url="},
{"name" : "60解析", "url" : "http://60jx.com/?url="},
{"name" : "虾米", "url" : "https://jx.xmflv.com/?url="},
{"name" : "全民解析", "url" : "https://jx.quanmingjiexi.com/?url="},
{"name" : "Ckplayer", "url" : "https://www.ckplayer.vip/jiexi/?url="},
{"name" : "CKMOV解析", "url" : "https://ckmov.ccyjjd.com/ckmov/?url="},
{"name" : "M3U8", "url" : "https://jx.m3u8.tv/jiexi/?url="},
{"name" : "老板", "url" : "https://vip.laobandq.com/jiexi.php?url="},
{"name" : "盘古", "url" : "https://www.pangujiexi.cc/jiexi.php?url="},
{"name" : "迪奥", "url" : "https://123.1dior.cn/?url="},
{"name" : "H8", "url" : "https://www.h8jx.com/jiexi.php?url="},
{"name" : "维多", "url" : "https://jx.ivito.cn/?url="},
{"name" : "星驰", "url" : "https://vip.cjys.top/?url="},
{"name" : "盘古云", "url" : "https://go.yh0523.cn/y.cy?url="},
{"name" : "17云", "url" : "https://www.1717yun.com/jx/ty.php?url="},
{"name" : "116", "url" : "https://jx.116kan.com/?url="},
{"name" : "200", "url" : "https://vip.66parse.club/?url="},
{"name" : "8090", "url" : "https://www.8090g.cn/?url="},
{"name" : "暮光解析", "url" : "https://muguang.mgtv.com.muguangys.com/jiexi.php?url="},
{"name" : "Parwix解析", "url" : "https://vip.parwix.com:4433/player/?url="},
{"name" : "789pan", "url" : "https://vip.gaotian.love/api/?key=GiML8kaI6DnlpAahLM&url="},
{"name" : "lekanzyw", "url" : "https://bak.ojbkjx.com/?url="},
{"name" : "Json.VodJX", "url" : "https://www.vodjx.top/api/?key=XSQzk8KFK1I7FfPK5X&url=", "type" : 1},
{"name" : "纯净解析", "url" : "https://z1.m1907.cn/?jx="},
{"name" : "titan.mgtv", "type" : 1, "url" : "https://titan.mgtv.com.o8tv.com/jiexi/?url="},
{"name" : "高速接口1", "url" : "https://jsap.attakids.com/?url="},
{"name" : "4kdv", "type" : 1, "url" : "https://jx.4kdv.com/?url="},
{"name" : "B站解析2", "url" : "https://www.cuan.la/m3u8.php?url="},
{"name" : "Mao解析", "url" : "https://qd.hxys.tv/m3u8.php?url="},
{"name" : "17kyun.zh188", "type" : 1, "url" : "https://1717yun.com.zh188.net/0828/?url="},
{"name" : "17kyun", "type" : 1, "url" : "http://17kyun.com/api.php?url="},
{"name" : "默认", "type" : 1, "url" : "http://api.u1o.net/?url="},
{"name" : "月亮", "type" : 1, "url" : "https://vip.jianjians.com/?url="},
{"name" : "乐多资源", "type" : 1, "url" : "https://api.leduotv.com/wp-api/ifr.php?isDp=1&vid="},
{"name" : "ckmov", "type" : 1, "url" : "https://www.ckmov.vip/api.php?url="},
{"name" : "SSAMAO", "type" : 1, "url" : "https://www.ssamao.com/jx/?url="},
{"name" : "无极", "type" : 1, "url" : "https://da.wujiys.com/?url="},
{"name" : "618G", "type" : 1, "url" : "https://jx.618g.com/?url="},
{"name" : "福星", "type" : 1, "url" : "https://jx.popo520.cn/jiexi/?url="},
{"name" : "RDHK", "type" : 1, "url" : "https://jx.rdhk.net/?v="},
{"name" : "解析la", "type" : 1, "url" : "https://api.jiexi.la/?url="},
{"name" : "久播", "type" : 1, "url" : "https://jx.jiubojx.com/vip.php?url="},
{"name" : "九八", "type" : 1, "url" : "https://jx.youyitv.com/?url="},
{"name" : "乐喵", "type" : 1, "url" : "https://jx.hao-zsj.cn/vip/?url="},
{"name" : "MUTV", "type" : 1, "url" : "https://jiexi.janan.net/jiexi/?url="},
{"name" : "明日", "type" : 1, "url" : "https://jx.yingxiangbao.cn/vip.php?url="},
{"name" : "磨菇", "type" : 1, "url" : "https://jx.wzslw.cn/?url="},
{"name" : "OK", "type" : 1, "url" : "https://okjx.cc/?url="},
{"name" : "小蒋", "type" : 1, "url" : "https://www.kpezp.cn/jlexi.php?url="},
{"name" : "小狼", "type" : 1, "url" : "https://jx.yaohuaxuan.com/?url="},
{"name" : "智能", "type" : 1, "url" : "https://vip.kurumit3.top/?v="},
{"name" : "月亮", "type" : 1, "url" : "https://api.yueliangjx.com/?url="},
{"name" : "云端", "type" : 1, "url" : "https://jx.ergan.top/?url="},
{"name" : "66", "type" : 1, "url" : "https://api.3jx.top/vip/?url="},
{"name" : "云析", "type" : 1, "url" : "https://jx.yparse.com/index.php?url="},
{"name" : "乐多解析", "type" : 1, "url" : "https://ldy.jx.cn/wp-api/ifr.php?vid="},
{"name" : "荣耀", "type" : 1, "url" : "https://jiexi.bdjxfw.com/home/api?type=ys&uid=226493678&key=bgmnouzCEHIKLMST29&url="},
{"name" : "人人迷", "type" : 1, "url" : "https://svip.renrenmi.cc:2222/api/?key=nn4j8rukPXSVzR78E9&url="},
{"name" : "萌欣", "type" : 1, "url" : "http://vip.mengx.vip/home/api?type=ys&uid=3249696&key=aefqrtuwxyEFHKNOQY&url="},
{"name" : "久播", "url" : "https://jx.jiubojx.com/vip/?url="},
{"name" : "U猫", "url" : "http://jiex.cf/?url="},
{"name" : "爱跟", "url" : "https://vip.2ktvb.com/player/?url="},
{"name" : "CHok", "url" : "https://www.gai4.com/?url="},
{"name" : "冰豆", "url" : "https://api.qianqi.net/vip/?url="},
{"name" : "大白", "url" : "https://api.myzch.cn/?url="},
{"name" : "大幕", "url" : "https://jx.52damu.com/dmjx/jiexi.php?url="},
{"name" : "跟剧", "url" : "https://www.5igen.com/dmplayer/player/?url="},
{"name" : "可乐", "url" : "https://jx.keleapi.com/?url=", "t" : "m"},
{"name" : "LE", "url" : "https://lecurl.cn/?url="},
{"name" : "懒猫", "url" : "https://api.lanmaody.com/dm/?url=", "t" : "m"},
{"name" : "诺诺", "url" : "https://www.ckmov.com/?url="},
{"name" : "诺讯", "url" : "https://www.nxflv.com/?url="},
{"name" : "PM", "url" : "https://www.playm3u8.cn/jiexi.php?url="},
{"name" : "奇米", "url" : "https://qimihe.com/?url="},
{"name" : "思云", "url" : "https://jx.ap2p.cn/?url="},
{"name" : "思古", "url" : "https://api.sigujx.com/?url="},
{"name" : "思古2", "url" : "https://api.bbbbbb.me/jx/?url="},
{"name" : "淘电影", "url" : "https://jx.vodjx.top/vip/?url="},
{"name" : "听乐", "url" : "https://jx.dj6u.com/?url=", "t" : "m"},
{"name" : "云点播", "url" : "https://api.iopenyun.com:88/vip/?url="},
{"name" : "蚂蚁兄弟", "url" : "https://daili.mayixiongdi.cn/?url="},
{"name" : "江湖D", "url" : "http://jx.zhiaiyy.top/?url="},
{"name" : "1080", "url" : "http://159.75.133.231:1788/?key=1&url="},
{"name" : "融兴", "url" : "https://test.rongxingvr.com/test/?url="},
{"name" : "萌瓜", "url" : "https://dm.2g88.vip/?url="},
{"name" : "爱解", "url" : "https://jiexi.t7g.cn/?url="},
{"name" : "09", "url" : "https://jx.09tv.top/bd/?url="},
{"name" : "清莲", "url" : "https://www.qinglyy.com/m3u8/?url="},
{"name" : "遇见", "url" : "https://jx.yujiannk.com/?url="},
{"name" : "渐渐", "url" : "https://titan.mgtv.com.janan.net:4433/mgtv1206/?url="},
{"name" : "娱乐", "url" : "https://vip.anje.cn/?url="},
{"name" : "安逸", "url" : "http://www.mgtv.com.wchulian.com.cn/player/analysis.php?v="},
{"name" : "云云", "url" : "http://159.75.133.231:81/jiexi/?url="},
{"name" : "啊茹竹嘎", "url" : "http://k.auuyruyc.com/player/?url="},
{"name" : "初心", "url" : "https://player.5znn.pro/jiexi.php?url="},
{"name" : "段友.日批", "url" : "https://jx.ns360.cn/1080/jiexi/?url="},
{"name" : "暮光", "url" : "https://www.mgtv.com.muguangys.com/jiexi1.php?url="},
{"name" : "瓜皮", "url" : "http://jxx.dijiaxia.com/?url="},
{"name" : "PAR", "url" : "https://jx.ihuikr.com/player/?url="},
{"name" : "乐喵", "url" : "http://jx.hao-zsj.cn/vip/?url="},
{"name" : "优全", "url" : "https://jx.xmyun.xyz/?url="},
{"name" : "万福", "url" : "https://jx.wfy4.com/?url="},
{"name" : "蓝猫", "url" : "https://jx.daidaitv.top:43810/?url="},
{"name" : "樱花", "url" : "https://buaon.xyz/?url="},
{"name" : "白玉", "url" : "https://jx.baiyu.buzz/?url="},
{"name" : "白玉B", "url" : "https://jx.baiyu.buzz/bb/?url="},
{"name" : "白玉C", "url" : "https://jx.baiyu.buzz/cc/?url="},
{"name" : "淘影A", "url" : "http://jx.1080jx.top/vipjx/?url="},
{"name" : "淘影B", "url" : "http://jx.1080jx.top/jxvip/?url="},
{"name" : "淘影C", "url" : "http://jx.1080jx.top/m3u8/?url="},
{"name" : "淘影D", "url" : "http://jx.1080jx.top/vip/?url="},
{"name" : "淘影E", "url" : "http://jx.1080jx.top/api/?url="},
{"name" : "淘影F", "url" : "http://jx.1080jx.top/jiexi/?url="},
{"name" : "金j", "url" : "http://jjxx.me/?url="},
{"name" : "八一", "url" : "http://vip.8bys.cn/?url="},
{"name" : "宝莲", "url" : "http://danmu.8old.cn/vip/?url="},
{"name" : "追剧达人", "url" : "https://vip123kan.vip/m3u8.php?url="},
{"name" : "速搜影院", "url" : "http://vip.susou.tv/player/?url="},
{"name" : "66parse", "url" : "http://vip.66parse.club/?url="},
{"name" : "八二", "url" : "http://jx2.8bys.cn/m3u8.php?url="},
{"name" : "M2090", "url" : "https://m2090.com/?url="},
{"name" : "MW0", "url" : "https://jx.mw0.cc/?url="},
{"name" : "番茄弹幕解析", "url" : "http://jiexi.fqzy.cc/player/jx.php?url="},
{"name" : "660e", "url" : "https://660e.com/?url="},
{"name" : "旧城影视", "url" : "https://jx.9eng.cn/?url="},
{"name" : "七哥", "url" : "https://jx.mmkv.cn/tv.php?url="},
{"name" : "盘古", "url" : "http://www.pangujiexi.cc/jiexi.php?url="},
{"name" : "Mao全网解析", "url" : "http://lecurl.cn/?url="},
{"name" : "YiTV", "url" : "http://jiexi.us/?url="},
{"name" : "猪蹄", "url" : "https://jx.iztyy.com/svip/?url="},
{"name" : "小狼云", "url" : "https://jx.xiaolangyun.com/?url="},
{"name" : "云解析", "url" : "https://jx.aidouer.net/?url="},
{"name" : "线路二(国外)", "url" : "https://jx.ppflv.com/?url="},
{"name" : "线路三(备用)", "url" : "https://jx.duzheba.cn/?url="},
{"name" : "TNVIP云播放", "url" : "http://www.33tn.cn/?url="},
{"name" : "(带选集的二次解析)", "url" : "https://parse.xymov.net/?url="},
{"name" : "m3u8", "url" : "http://jx.rdhk.net/?v="},
{"name" : "智能接口", "url" : "http://jiexi.30dian.cn/?url="},
{"name" : "云栖", "url" : "https://www.yq52.cn/film/?url="},
{"name" : "神马", "url" : "https://jxx.smys8.cn/index.php?url="},
{"name" : "云波", "url" : "https://zy.aoxtv.com/?url="},
{"name" : "久已", "url" : "https://www.91jxs.com/jiexi/?url="},
{"name" : "盒子", "url" : "http://jx5.178du.com/p1/?url="},
{"name" : "七彩", "url" : "https://www.xymav.com/?url="},
{"name" : "ELW", "url" : "https://jx.elwtc.com/vip/?url="},
{"name" : "无名", "url" : "https://www.administratorw.com/video.php?url="},
{"name" : "33t", "url" : "https://www.33tn.cn/?url="},
{"name" : "夷狄", "url" : "https://api.1dior.cn/analysis/123/index.php?uid=1428&my=afkruDFIYZ&url="},
{"name" : "柠檬", "url" : "https://youku.jianzhengobey.top/yueliang.php?v="},
{"name" : "江湖F", "url" : "http://jx.yhys.icu:4433/?url="},
{"name" : "江湖B", "url" : "https://123.xxgcx.cn:4433/jianghu.php?url="},
{"name" : "leeleo", "url" : "https://www.mgtv.com.leeleo.cn/nmm/player/?url="},
{"name" : "酷吧", "url" : "https://kuba.renrenmi.cc:2266/api/?key=1PhqM8xRCbmfgwmcE2&url="},
{"name" : "高天", "url" : "https://vip.gaotian.love/api/?key=sRy0QAq8hqXRlrEtrq&url="},
{"name" : "ok", "url" : "http://9ok.co/?url="},
{"name" : "干饭(人人迷)", "url" : "https://jx.zui.cm/?url="},
{"name" : "66影视", "url" : "https://2.66movie.top/player/?url="},
{"name" : "麦子", "url" : "http://api.maizimall.com/index.php?url="},
{"name" : "云海正版", "url" : "https://jxjx.jushiys.co/player/ckplayer.php?url="},
{"name" : "一起百度", "url" : "https://jx5.178du.com/8090/jiexi/?url="},
{"name" : "夜幕", "url" : "https://www.yemu.xyz/?url="},
{"name" : "明日解析", "url" : "https://www.qianyicp.com/vip/vip_p3.php?url="},
{"name" : "明日解析2", "url" : "https://www.qianyicp.com/jiexi/index.php?url="},
{"name" : "林志远", "url" : "https://jiexi.linzhiyuan.xyz/jiexi/?url="},
{"name" : "淘影蓝光", "url" : "https://api.1dior.cn/analysis/1234/index.php?uid=1428&my=afkruDFIYZ&url="},
{"name" : "淘影1080", "url" : "https://jx.1080jx.top/jx/?url="},
{"name" : "飞飞智能", "url" : "https://y.9dan.cc/?v="},
{"name" : "步步高", "url" : "https://jx.xihujx.com/index.php?url="},
{"name" : "飞捷", "url" : "https://vip.fj6080.xyz/player/?url="},
{"name" : "4k", "url" : "https://vip.jx4k.com/vip/?url="},
{"name" : "航海锚", "url" : "https://vip.xrff.xyz/?url="},
{"name" : "Mao", "url" : "https://www.mtosz.com/m3u8.php?url="},
{"name" : "1717云备用", "url" : "https://www.1717yun.com/beiyong/?url="},
{"name" : "尊享", "url" : "https://player.maqq.cn/?url="},
{"name" : "星驰", "url" : "https://vip.swuii.top/?url="},
{"name" : "优惠福利购", "url" : "http://www.youhuifuligou.com/json/?id=1&url="},
{"name" : "云海", "url" : "https://dd.mouliuk.com/home/api?type=ys&uid=12293&key=acfhkovxzDEIMPWX29&url="},
{"name" : "盘古json", "url" : "https://json.pangujiexi.com:12345/json.php?url="},
{"name" : "萌新", "type" : 1, "url" : "https://vip.mengx.vip/home/api?type=ys&uid=18613&key=bknprsxCILRTUVYZ79&url="},
{"name" : "你爹科技", "type" : 1, "url" : "http://cache.languang.icu:88/didi.php?url="},
{"name" : "百度", "type" : 1, "url" : "https://jiexi.bdjxfw.com/home/api?type=ys&uid=168882504&key=adfhjknyzACDFJOQU9&url="},
{"name" : "百度解析", "type" : 1, "url" : "https://bdjx.shoujick.com/json1231/?url="},
{"name" : "瞄派对", "type" : 1, "url" : "https://api.jiexi.one/api/?key=Sv5qJ05C6Oy62kCnEc&url="},
{"name" : "江湖科技2", "type" : 1, "url" : "http://play.bichangzw.cn/jianghu/json/?url="},
{"name" : "领酷", "type" : 1, "url" : "http://user.lkflv.com/analysis/json/?uid=38&my=acdklnzBDEHJNPSU69&url="},
{"name" : "泡泡堂", "type" : 1, "url" : "https://api.shengqiankuaitao.cn/api/?key=I7iOCx9465knkzUo5H&url="},
{"name" : "app影视工厂", "type" : 1, "url" : "https://jiexi.ysgc.xyz/home/api?type=ys&uid=29893&key=hkptuvxyACFHJRY078&url="},
{"name" : "影视工厂", "url" : "https://jx.ysgc.xyz/?url="},
{"name" : "Json.VodJX", "url" : "http://admin.vodjx.top/json.php?url=", "type" : 1},
{"name" : "VodJX1", "url" : "https://api.vodjx.top/?url="},
{"name" : "VodJX2", "url" : "https://jx.vodjx.top/jiexi.php?url="},
{"name" : "ok3389", "url" : "https://api.okjx.cc:3389/jx.php?url="},
{"name" : "游艺", "url" : "https://api.u1o.net/?url="},
{"name" : "高清1", "type" : 0, "url" : "https://titan.mgtv.com.jumi.tv/player/?url="},
{"name" : "高清2", "type" : 0, "url" : "https://dmku.dijiaxia.com/?url="},
{"name" : "高清4", "type" : 0, "url" : "http://an61.com/jx/vip?v="},
{"name" : "娃娃", "url" : "http://frog.pinellia.xyz/jx/?url="},
{"name" : "人人迷", "url" : "https://jx.renrenmi.cc/?url="},
{"name" : "扶风", "type" : 1, "url" : "https://vip.byteamone.cn/api/?key=vpO0packXeAp4XYCnA&url="},
{"name" : "追剧达人3", "type" : 1, "url" : "http://jx.vipmv.co/json3/?url="}],
"flags" : [ "youku", "qq", "iqiyi", "qiyi", "letv", "sohu", "tudou", "pptv", "mgtv", "wasu", "bilibili" ],
"ijk" : [
{"group" : "软解码", "options" : [
{"category" : 4, "name" : "opensles", "value" : "0"},
{"category" : 4, "name" : "overlay-format", "value" : "842225234"},
{"category" : 4, "name" : "framedrop", "value" : "1"},
{"category" : 4, "name" : "soundtouch", "value" : "1"},
{"category" : 4, "name" : "start-on-prepared", "value" : "1"},
{"category" : 1, "name" : "http-detect-range-support", "value" : "0"},
{"category" : 1, "name" : "fflags", "value" : "fastseek"},
{"category" : 2, "name" : "skip_loop_filter", "value" : "48"},
{"category" : 4, "name" : "reconnect", "value" : "1"},
{"category" : 4, "name" : "max-buffer-size", "value" : "5242880"},
{"category" : 4, "name" : "enable-accurate-seek", "value" : "0"},
{"category" : 4, "name" : "mediacodec", "value" : "0"},
{"category" : 4, "name" : "mediacodec-auto-rotate", "value" : "0"},
{"category" : 4, "name" : "mediacodec-handle-resolution-change", "value" : "0"},
{"category" : 4, "name" : "mediacodec-hevc", "value" : "0"}]},
{"group" : "硬解码", "options" : [
{"category" : 4, "name" : "opensles", "value" : "0"},
{"category" : 4, "name" : "overlay-format", "value" : "842225234"},
{"category" : 4, "name" : "framedrop", "value" : "1"},
{"category" : 4, "name" : "soundtouch", "value" : "1"},
{"category" : 4, "name" : "start-on-prepared", "value" : "1"},
{"category" : 1, "name" : "http-detect-range-support", "value" : "0"},
{"category" : 1, "name" : "fflags", "value" : "fastseek"},
{"category" : 2, "name" : "skip_loop_filter", "value" : "48"},
{"category" : 4, "name" : "reconnect", "value" : "1"},
{"category" : 4, "name" : "max-buffer-size", "value" : "5242880"},
{"category" : 4, "name" : "enable-accurate-seek", "value" : "0"},
{"category" : 4, "name" : "mediacodec", "value" : "1"},
{"category" : 4, "name" : "mediacodec-auto-rotate", "value" : "1"},
{"category" : 4, "name" : "mediacodec-handle-resolution-change", "value" : "1"}]}], 
"ads" : [
"mimg.0c1q0l.cn",
"www.googletagmanager.com",
"www.google-analytics.com",
"mc.usihnbcq.cn",
"mg.g1mm3d.cn",
"mscs.svaeuzh.cn",
"cnzz.hhttm.top",
"tp.vinuxhome.com",
"cnzz.mmstat.com",
"www.baihuillq.com",
"s23.cnzz.com",
"z3.cnzz.com",
"c.cnzz.com",
"stj.v1vo.top",
"z12.cnzz.com",
"img.mosflower.cn",
"tips.gamevvip.com",
"ehwe.yhdtns.com",
"xdn.cqqc3.com",
"www.jixunkyy.cn",
"sp.chemacid.cn",
"hm.baidu.com",
"s9.cnzz.com",
"z6.cnzz.com",
"um.cavuc.com",
"mav.mavuz.com",
"wofwk.aoidf3.com",
"z5.cnzz.com",
"xc.hubeijieshikj.cn",
"tj.tianwenhu.com",
"xg.gars57.cn",
"k.jinxiuzhilv.com",
"cdn.bootcss.com",
"ppl.xunzhuo123.com",
"xomk.jiangjunmh.top",
"img.xunzhuo123.com",
"z1.cnzz.com",
"s13.cnzz.com",
"xg.huataisangao.cn",
"z7.cnzz.com",
"xg.huataisangao.cn",
"z2.cnzz.com",
"s96.cnzz.com",
"q11.cnzz.com",
"thy.dacedsfa.cn",
"xg.whsbpw.cn",
"s19.cnzz.com",
"z8.cnzz.com",
"s4.cnzz.com",
"f5w.as12df.top",
"ae01.alicdn.com",
"www.92424.cn",
"k.wudejia.com",
"vivovip.mmszxc.top",
"qiu.xixiqiu.com",
"cdnjs.hnfenxun.com",
"cms.qdwght.com"
]
}
