{
"spider": "https://flying-guys.coding.net/p/mao/d/jar/git/raw/master/sprider0601.txt",

"sites": [
{"key":"csp_77","name":"七七","type":3,"api":"csp_Kunyu77","searchable":1,"quickSearch":1,"filterable":1},
{"key": "csp_LiteApple","name": "苹果影视","type": 3,"api": "csp_LiteApple","searchable": 1,"quickSearch": 1,"filterable": 1},
//{"key":"csp_kmys","name":"酷猫影视","type":3,"api":"csp_Kmys","searchable":1,"quickSearch":1,"filterable":1},
{"key": "csp_xpath_nmys","name": "农民影视","type": 3,"api": "csp_XPathFilter","searchable": 1,"quickSearch": 1,"filterable": 1,"ext": "https://flying-guys.coding.net/p/mao/d/jar/git/raw/master/xpath/nmys2.json"},
{"key": "csp_xpath_huya","name": "虎牙直播","type": 3,"api": "csp_XPath","searchable": 1,"quickSearch": 1,"filterable": 0,"ext": "https://flying-guys.coding.net/p/mao/d/jar/git/raw/master/xpath/huya.json"},
{"key": "csp_xpath_88kanqiu","name": "球赛直播","type": 3,"api": "csp_XPath","searchable": 1,"quickSearch": 1,"filterable": 0,"ext": "https://flying-guys.coding.net/p/mao/d/jar/git/raw/master/xpath/88kanqiu.json"},
{"key": "csp_xpath_2gangju","name": "爱港剧","type": 3,"api": "csp_XPathMacFilter","searchable": 1,"quickSearch": 1,"filterable": 1,"ext": "https://flying-guys.coding.net/p/mao/d/jar/git/raw/master/xpath/2gangju.json"},
//{"key":"csp_CZSPP","name":"厂长资源","type":3,"api":"csp_CZSPP","searchable":1,"quickSearch":1,"filterable":0},
{"key":"csp_Xbiubiu_Lgyy","name":"蓝光影院","type":3,"api":"csp_XBiubiu","searchable":1,"quickSearch":1,"filterable":1,"ext": "https://flying-guys.coding.net/p/mao/d/jar/git/raw/master/ext/lgyy.json"},
{"key":"csp_Buka","name":"不卡","type":3,"api":"csp_Buka","searchable":1,"quickSearch":1,"filterable":1},
{"key":"csp_DiDuan","name":"低端影视","type":3,"api":"csp_DiDuan","searchable":1,"quickSearch":1,"filterable":0},
{"key":"csp_Zxzj","name":"在线之家","type":3,"api":"csp_Zxzj","searchable":1,"quickSearch":1,"filterable":1},
{"key":"csp_Xbiubiu_ysgc","name":"影视工厂","type":3,"api":"csp_XBiubiu","searchable":1,"quickSearch":1,"filterable":1,"ext": "https://flying-guys.coding.net/p/mao/d/jar/git/raw/master/ext/ysgc.json"},
{"key":"csp_Xbiubiu_555","name":"555影视","type":3,"api":"csp_XBiubiu","searchable":1,"quickSearch":1,"filterable":1,"ext": "https://flying-guys.coding.net/p/mao/d/jar/git/raw/master/ext/555.json"},
{"key":"csp_Fantuan","name":"饭团","type":3,"api":"csp_Fantuan","searchable":1,"quickSearch":1,"filterable":1},
//{"key":"csp_GitCafe","name":"纸条","type":3,"api":"csp_GitCafe","searchable":1,"quickSearch":1,"filterable":0},
{"key":"csp_AliPanSou","name":"喵搜","type":3,"api":"csp_AliPanSou","searchable":1,"quickSearch":1,"filterable":0},
{"key":"csp_Cokemv","name":"Cokemv","type":3,"api":"csp_Cokemv","searchable":1,"quickSearch":1,"filterable":1},
{"key": "csp_xpath_age","name": "AGE动漫","type": 3,"api": "csp_XPath","searchable": 1,"quickSearch": 1,"filterable": 0,"ext": "https://flying-guys.coding.net/p/mao/d/jar/git/raw/master/xpath/agefans.json"},
{"key": "csp_xpath_omofun","name": "omofun动漫","type": 3,"api": "csp_XPathMacFilter","searchable": 1,"quickSearch": 1,"filterable": 1,"ext": "https://flying-guys.coding.net/p/mao/d/jar/git/raw/master/xpath/omofun.json"},
{"key": "csp_xpath_dm84","name": "动漫巴士","type": 3,"api": "csp_XPathFilter","searchable": 1,"quickSearch": 1,"filterable": 1,"ext": "https://flying-guys.coding.net/p/mao/d/jar/git/raw/master/xpath/dm84.json"},
{"key": "csp_xpath_yinghua","name": "樱花动漫","type": 3,"api": "csp_XPath","searchable": 1,"quickSearch": 1,"filterable": 0,"ext": "https://flying-guys.coding.net/p/mao/d/jar/git/raw/master/xpath/yinghua.json"},
{"key": "csp_xpath_lezhutv","name": "乐猪TV","type": 3,"api": "csp_XPath","searchable": 1,"quickSearch": 1,"filterable": 0,"ext": "https://flying-guys.coding.net/p/mao/d/jar/git/raw/master/xpath/lezhutv.json"},
{"key": "csp_xpath_saohuo","name": "骚火TV","type": 3,"api": "csp_XPath","searchable": 1,"quickSearch": 1,"filterable": 0,"ext": "https://flying-guys.coding.net/p/mao/d/jar/git/raw/master/xpath/saohuotv.json"},
{"key": "csp_xpath_kelatv","name": "克拉TV","type": 3,"api": "csp_XPath","searchable": 1,"quickSearch": 1,"filterable": 1,"ext": "https://flying-guys.coding.net/p/mao/d/jar/git/raw/master/xpath/kelatv.json"},

{"key": "csp_xpath_xiaoxiong","name": "小熊影视","type": 3,"api": "csp_XPathFilter","searchable": 1,"quickSearch": 1,"filterable": 1,"ext": "https://flying-guys.coding.net/p/mao/d/jar/git/raw/master/xpath/xiaoxiong.json"},
//{"key": "csp_xpath_2BT","name": "两个BT","type": 3,"api": "csp_XPathFilter","searchable": 1,"quickSearch": 1,"filterable": 1,"ext": "https://flying-guys.coding.net/p/mao/d/jar/git/raw/master/xpath/2BT.json"},
//{"key": "csp_xpath_auete","name": "Auete影视xp","type": 3,"api": "csp_XPathFilter","searchable": 1,"quickSearch": 1,"filterable": 1,"ext": "https://flying-guys.coding.net/p/mao/d/jar/git/raw/master/xpath/auete.json"},
//{"key": "auete_spider","name": "Auete影视","type": 3,"api": "csp_Auete","searchable": 1,"quickSearch": 1,"filterable": 1,"ext": "https://flying-guys.coding.net/p/mao/d/config/git/raw/master/pub/ext/auete.json"},
//{"key": "csp_xpath_meijuchong","name": "美剧虫","type": 3,"api": "csp_XPathFilter","searchable": 1,"quickSearch": 1,"filterable": 1,"ext": "https://flying-guys.coding.net/p/mao/d/jar/git/raw/master/xpath/meijuchong.json"},
{"key": "csp_xpath_99ys","name": "久久影视","type": 3,"api": "csp_XPath","searchable": 1,"quickSearch": 1,"filterable": 0,"ext": "https://flying-guys.coding.net/p/mao/d/jar/git/raw/master/xpath/99ys.json"},
{"key": "csp_xpath_1090","name": "90影视","type": 3,"api": "csp_XPathFilter","searchable": 1,"quickSearch": 1,"filterable": 1,"ext": "https://flying-guys.coding.net/p/mao/d/jar/git/raw/master/xpath/1090.json"},
//{"key": "csp_N0ys","name": "90影视","type": 3,"api": "csp_N0ys","searchable": 1,"quickSearch": 0,"filterable": 0},
//{"key": "csp_xpath_ikan6","name": "爱看影视","type": 3,"api": "csp_XPathMacFilter","searchable": 1,"quickSearch": 1,"filterable": 1,"ext": "https://flying-guys.coding.net/p/mao/d/jar/git/raw/master/xpath/ikan6.json"},


//{"key":"360_spider","name":"360影视(官源)","api":"csp_YS360","type":3,"filterable":1,"quickSearch":1,"searchable":1,"ext":"https://flying-guys.coding.net/p/mao/d/jar/git/raw/master/ext/360.json"},


{"key":"csp_xml_gc","name":"官采资源","type":1,  "api": "http://caiji.nxflv.com/api.php/provide/vod/?ac=list",  /* 诺讯资源 */"playUrl":"parse:自动解析","categories": ["国产剧","港台剧","日韩剧","欧美剧","综艺","动漫","动作片","喜剧片","爱情片","科幻片","恐怖片","剧情片","战争片","综艺频道"]},
{"key": "csp_xml_bilibili","name": "Bilibili","type": 1,"api": "https://www.qilinzyz.com/api.php/provide/vod/from/bilibili/?ac=list","playUrl":"https://jx.parwix.com:4433/player/?url=","categories": ["综艺","动漫","电影（B站）","电视剧（B站）","番剧（B站）","国创（B站）"]},
{"key": "csp_xpath_lmys","name": "蓝莓影视","type": 3,"api": "csp_XPathFilter","searchable": 1,"quickSearch": 1,"filterable": 0,"ext": "https://flying-guys.coding.net/p/mao/d/jar/git/raw/master/xpath/lmys.json"},
{"key": "csp_xpath_wnvod","name": "万能影视","type": 3,"api": "csp_XPathFilter","searchable": 1,"quickSearch": 1,"filterable": 0,"ext": "https://flying-guys.coding.net/p/mao/d/jar/git/raw/master/xpath/wnvod.json"},
{"key": "csp_xpath_kyikan","name": "看一看","type": 3,"api": "csp_XPath","searchable": 1,"quickSearch": 1,"filterable": 0,"ext": "https://flying-guys.coding.net/p/mao/d/jar/git/raw/master/xpath/kyikan.json"},
{"key":"csp_appysv2_大熊","name":"大熊","type":3,"api":"csp_AppYsV2","searchable":1,"quickSearch":1,"filterable":1,"ext":"https://dxys2233.com/mogai_api.php/v1.vod"},

{"key": "csp_xpath_Jumi","name": "剧迷TV","type": 3,"api": "csp_XPath","searchable": 1,"quickSearch": 1,"filterable": 1,"ext": "https://flying-guys.coding.net/p/mao/d/jar/git/raw/master/xpath/Jumi.json"},
{"key": "csp_xpath_yanetflix","name": "鸭奈非","type": 3,"api": "csp_XPathMac","searchable": 1,"quickSearch": 1,"filterable": 0,"ext": "https://flying-guys.coding.net/p/mao/d/jar/git/raw/master/xpath/yanetflix.json"},

{"key": "csp_xml_yinworld","name": "影世界","type": 1,"api": "https://video.yingworld.vip/api.php/provide/vod/?ac=list","playUrl": "https://analysis.yikan.one/analysis/player/?uid=8&my=fjkmoqFJLORTVZ1359&url=","categories": ["电影","连续剧","综艺","动漫"]},

{"key": "csp_xml_taopian","name": "淘片","type": 0,"api": "https://taopianzy.com/home/cjapi/as/mc10/vod/xml/m3u8","categories": []}


],

"lives": [
    {
      "group": "redirect",
      "channels": [
        {
          "name": "redirect",
          "urls": [
            "proxy://do=live&type=txt&ext=aHR0cHM6Ly9mbHlpbmctZ3V5cy5jb2RpbmcubmV0L3AvbWFvL2QvamFyL2dpdC9yYXcvbWFzdGVyL2xpdmUvbXl0di50eHQ="
          ]
        }
      ]
    }
  ],

  "flags": ["youku","qq","iqiyi","qiyi","letv","sohu","tudou","pptv","mgtv","wasu","bilibili","xigua","renrenmi","ltnb","CL4K","rx","dmplay","duoduozy","xfyun"],

  "parses": [
{"name":"自动解析","type":3,"url":"Demo"},
{"name": "自动线路","type": 2,"url": "Parallel"},
{"name": "线路NX","url": "https://vip.nxflv.com/home/api?uid=701203&key=bltuyCEFKLTX013679&url=","type": 1,"i": "77",
"ext":{"flag":["qiyi","爱奇艺","奇艺","qq","腾讯","youku","优酷","pptv","PPTV","letv","乐视","bilibili","哔哩哔哩","哔哩","mgtv","芒果"]}
},
{"name": "293","type": 1,"url": "http://81.71.48.249:4456/jsonc/longxia.php?url=","ext": {"flag": ["qq","qiyi","mgtv","youku","letv","sohu","xigua","1905"],"header": {"User-Agent": "Dart/2.14 (dart:io)"}}},
{"name":"线路omofun","url": "https://m3u8.omofun.tv/api/parse?key=omofun2515850040&source_id=","type": 1,"ext":{"flag":["dmplay","lsxl"]}}



  ],
  "ijk": [
    {
      "group": "软解码",
      "options": [
        {
          "category": 4,
          "name": "opensles",
          "value": "0"
        },
        {
          "category": 4,
          "name": "overlay-format",
          "value": "842225234"
        },
        {
          "category": 4,
          "name": "framedrop",
          "value": "1"
        },
        {
          "category": 4,
          "name": "soundtouch",
          "value": "1"
        },
        {
          "category": 4,
          "name": "start-on-prepared",
          "value": "1"
        },
        {
          "category": 1,
          "name": "http-detect-range-support",
          "value": "0"
        },
        {
          "category": 1,
          "name": "fflags",
          "value": "fastseek"
        },
        {
          "category": 2,
          "name": "skip_loop_filter",
          "value": "48"
        },
        {
          "category": 4,
          "name": "reconnect",
          "value": "1"
        },
        {
          "category": 4,
          "name": "max-buffer-size",
          "value": "5242880"
        },
        {
          "category": 4,
          "name": "enable-accurate-seek",
          "value": "0"
        },
        {
          "category": 4,
          "name": "mediacodec",
          "value": "0"
        },
        {
          "category": 4,
          "name": "mediacodec-auto-rotate",
          "value": "0"
        },
        {
          "category": 4,
          "name": "mediacodec-handle-resolution-change",
          "value": "0"
        },
        {
          "category": 4,
          "name": "mediacodec-hevc",
          "value": "0"
        },
        {
          "category": 1,
          "name": "dns_cache_timeout",
          "value": "600000000"
        }
      ]
    },
    {
      "group": "硬解码",
      "options": [
        {
          "category": 4,
          "name": "opensles",
          "value": "0"
        },
        {
          "category": 4,
          "name": "overlay-format",
          "value": "842225234"
        },
        {
          "category": 4,
          "name": "framedrop",
          "value": "1"
        },
        {
          "category": 4,
          "name": "soundtouch",
          "value": "1"
        },
        {
          "category": 4,
          "name": "start-on-prepared",
          "value": "1"
        },
        {
          "category": 1,
          "name": "http-detect-range-support",
          "value": "0"
        },
        {
          "category": 1,
          "name": "fflags",
          "value": "fastseek"
        },
        {
          "category": 2,
          "name": "skip_loop_filter",
          "value": "48"
        },
        {
          "category": 4,
          "name": "reconnect",
          "value": "1"
        },
        {
          "category": 4,
          "name": "max-buffer-size",
          "value": "5242880"
        },
        {
          "category": 4,
          "name": "enable-accurate-seek",
          "value": "0"
        },
        {
          "category": 4,
          "name": "mediacodec",
          "value": "1"
        },
        {
          "category": 4,
          "name": "mediacodec-auto-rotate",
          "value": "1"
        },
        {
          "category": 4,
          "name": "mediacodec-handle-resolution-change",
          "value": "1"
        },
        {
          "category": 4,
          "name": "mediacodec-hevc",
          "value": "1"
        },
        {
          "category": 1,
          "name": "dns_cache_timeout",
          "value": "600000000"
        }
      ]
    }
  ],
  "ads": [
    "mimg.0c1q0l.cn",
    "www.googletagmanager.com",
    "www.google-analytics.com",
    "mc.usihnbcq.cn",
    "mg.g1mm3d.cn",
    "mscs.svaeuzh.cn",
    "cnzz.hhttm.top",
    "tp.vinuxhome.com",
    "cnzz.mmstat.com",
    "www.baihuillq.com",
    "s23.cnzz.com",
    "z3.cnzz.com",
    "c.cnzz.com",
    "stj.v1vo.top",
    "z12.cnzz.com",
    "img.mosflower.cn",
    "tips.gamevvip.com",
    "ehwe.yhdtns.com",
    "xdn.cqqc3.com",
    "www.jixunkyy.cn",
    "sp.chemacid.cn",
    "hm.baidu.com",
    "s9.cnzz.com",
    "z6.cnzz.com",
    "um.cavuc.com",
    "mav.mavuz.com",
    "wofwk.aoidf3.com",
    "z5.cnzz.com",
    "xc.hubeijieshikj.cn",
    "tj.tianwenhu.com",
    "xg.gars57.cn",
    "k.jinxiuzhilv.com",
    "cdn.bootcss.com",
    "ppl.xunzhuo123.com",
    "xomk.jiangjunmh.top",
    "img.xunzhuo123.com",
    "z1.cnzz.com",
    "v1.cnzz.com",
    "s13.cnzz.com",
    "xg.huataisangao.cn",
    "z7.cnzz.com",
    "xg.huataisangao.cn",
    "z2.cnzz.com",
    "s96.cnzz.com",
    "q11.cnzz.com",
    "thy.dacedsfa.cn",
    "xg.whsbpw.cn",
    "s19.cnzz.com",
    "z8.cnzz.com",
    "s4.cnzz.com",
    "f5w.as12df.top",
    "ae01.alicdn.com",
    "videocloud.cn-hangzhou.log.aliyuncs.com",
    "www.92424.cn",
    "k.wudejia.com",
    "vivovip.mmszxc.top",
    "qiu.xixiqiu.com",
    "cdnjs.hnfenxun.com",
    "cms.qdwght.com"
  ]
}
